635.2,640.4,624.5,623.7,607.5
607,611.6,612.4,616.2,623.6
630.5,627.1,633.5,633.3,642.2
640.3,647.8,644.5,643.1,643
646.5,652.9,655.7,649,648.2
654.8,650,659.1,664.3,664.3
666.7,668.5,664.5,671,660.4
676.5,678.3,684.6,684,665.6
673,641.5,640.2,643.7,650.6
653.4,650,648,647.6,640.9
645.7,652.9,653.1,657.9,659
663.4,656.7,663.4,662.1,666.5
665.9,661.2,665.5,663.1,664
674.2,671.1,673.9,678.3,677
680.2,685.1,689,689.1,681.9
690.1,689,689.4,686.5,684.5
673,677.4,673.7,672.3,681.8
687.2,688,685.1,680.3,651
670.6,668.5,673,660.2,656.2
661,660.7,659.1,661.9,654
655.9,657.1,655.7,652.5,661.5
671.2,672.1,670.4,671.4,658.5
649.2,653.8,646.6,652.6,651
657.9,656.2,660.8,648.6,649.9
650,647.6,640.4,643.9,647.5
656.8,648.4,652.7,660.5,662.5
660.3,665,666.7,667.1,664.7
672.6,677.2,683.9,680.8,684.2
673.3,662.5,660,659.9,665
663.2,666.7,665.8,672.1,670
674.7,667.8,659.5,669.9,665
665,665.2,648.4,658.6,657.9
658.9,663.6,662.1,667.9,665.5
667,665.5,672.5,682.5,678.6
692.2,700.8,704.5,703.5,713.9
706.9,717.2,719.1,715.8,724.6
732.4,731.4,732.1,731.6,728.3
728.2,733.7,745.1,746.5,727.6
725.1,731,735.2,736.1,740.9
747.4,750.4,758,762.4,760
765.8,765.2,766.7,755.7,758.2
767.9,771.4,793.8,785.5,789.3
785.3,794.1,804.6,821.9,830
829.8,835.7,803.9,804.3,816.7
794.5,785.7,777.6,792.9,797.6
826,823.2,800.1,804,795
783.9,794,802.2,794.4,800.7
799.3,808.1,809.7,810.3,800.3
793.5,793,799.2,799.5,800
815.7,824.8,826.6,843.2,848.7
863,861.4,860.9,861.6,885
882,889.8,907.3,887.6,880.5
888.2,871.8,878.7,885,890.9
910.5,916.6,925,924.4,928.2
924.8,903.7,905.1,887.9,900.6
915.3,920.7,921,903,904
910.1,904.3,926.5,940.1,944.9
946.5,931.3,960,957.4,971.4
984.2,982.4,965,984.3,982.8
975.5,975.7,973.6,983.7,993.9
1005,1003.6,979.3,939.9,915.5
931.5,949.6,947.4,947.5,931
915,884,901.2,904.7,915.3
924.2,916,931.3,919.6,917
924.3,927.2,927.2,936,922.5
920.6,916.8,902.4,878.2,887
890.6,868.7,855,853.3,861.2
872.3,868,871,883.9,879.2
862.9,862.8,865.8,892,905
919.5,923.5,917.6,916.9,912
900.5,903,880.2,887.3,889.8
879.5,876.1,878.5,900.7,886.6
869.5,873.6,870.3,872.5,883.4
888,888.6,903.8,903.4,889.6
883.6,909.6,913.1,927.7,943.6
938.8,931.4,922.8,919.8,928.1
948.2,964.7,983.5,960,957.3
956.8,964.5,973,935,920.9
928.4,928.8,916.2,917.9,906.9
904.9,912.7,895.4,880.7,882.2
868.8,858.3,826.4,810.9,831.4
796.9,792,789.6,814.9,825.8
832.3,819.8,826,830.3,828
831.7,829.9,805.6,801.4,794.7
811,802,776.6,756.6,750.5
778.1,777.7,782.9,869.9,860.6
888.8,892.4,879.5,891.5,884.2
871.3,904.8,878,870.4,832.5
828.8,862.1,879.7,902.7,925.7
861.1,848.1,839.5,846,798
803.8,793.7,771.7,705,715.3
742.8,731,750.8,760.5,731.4
728.8,726,757.4,743.4,731.5
749,734.2,730.4,714.3,726.5
741.9,738,736,740.5,771.3
819.9,818.4,819.1,817.2,765.3
780,770,764.5,755,775
784.1,803.4,821.5,828,839
854.4,862.4,846.6,848.5,848
847,882.9,878.1,881.5,882
855.1,862,837.9,855.9,844.4
825.6,825.9,805.6,834,838.7
850.5,856.8,875,907.3,902.8
886.1,888.1,909.8,924.3,903.2
900.1,906.3,914.5,910,898
913.7,938.8,947.3,939.5,968.4
982.7,974,995.6,988,963.3
953,943.4,945,927,914.9
912,933.5,940.5,921.6,894.7
909.2,924.4,926.4,923.2,915.4
938,960.6,950.7,923.3,921.2
939.6,923,924.6,918,918.6
926.9,904.6,895,872.2,884
882.4,882.5,896.1,890,890.9
874,868.8,886.9,883.1,893.6
911.2,918,899.7,890.1,898.2
884,885.8,903.5,901.3,922.4
910.1,913.1,918.5,922,922.6
925.2,929.6,926.3,933,939.1
956.9,953,947.2,948.6,959.2
978.8,974.7,981.7,963.6,981.4
958,953.5,956,954.3,955.9
938.5,930.9,931.5,942,932
925,921.9,925.4,932.3,945.3
940.2,941.4,929.3,941.4,933.5
924.2,919.6,907.2,910.7,911.5
920.2,928.9,938.4,936.9,954.1
948.6,949.2,954.2,950.3,955.1
949.5,927.2,929.2,934.4,952.6
956.6,967.6,964.1,964.3,955
947.2,947.5,952.6,957.4,947.4
938.6,941.8,942.9,957,953.5
946.3,947.5,944.2,949.3,959.5
954.2,954,978.1,992.6,993.5
1002,996.2,999.7,1002.9,998
1014.7,1017.2,1013.9,1003.7,1011.5
1014.4,1015,997.3,993.2,990.5
992.5,1007.4,998.8,1004.1,1019.5
1038.3,1045.8,1049.3,1049,1064
1064,1062.2,1051.5,1053.6,1065.5
1053.7,1061.2,1063.8,1055.6,1039.5
1042.1,1035.2,1045.5,1053.4,1084.3
1086.7,1088.7,1095.1,1098.6,1100.9
1114,1106,1116.1,1138.6,1138.8
1140.7,1141.4,1146.4,1164.3,1165.5
1186.9,1179.9,1181,1196.4,1218
1207.8,1157.6,1159.5,1130.3,1125.7
1132.7,1123.3,1127.9,1125.7,1141.5
1110.8,1095.4,1095.3,1093.3,1107.2
1097,1091.5,1095.2,1117.7,1118.1
1135.9,1133.1,1138.2,1150.7,1128.9
1136.4,1137,1132.8,1139.7,1123.3
1102.7,1089.2,1095.2,1097.9,1084.4
1087.8,1085,1081,1117.4,1115.8
1110,1052.2,1065.7,1076.7,1075.8
1076.8,1089.5,1119.3,1119.5,1118
1121.3,1112.6,1116.4,1096.5,1107.8
1106.8,1119.3,1136.9,1142.7,1132.6
1134.8,1123.6,1122,1107.8,1108
1101.5,1105.1,1122.2,1124,1127.4
1107.4,1099.3,1103.5,1088.6,1092.7
1104.2,1110.3,1109.7,1103.1,1125.1
1122.3,1130.8,1152.3,1152.2,1161.1
1161.6,1152.8,1159,1157.5,1136.3
1135.2,1138.6,1148.2,1142.3,1153.1
1160.1,1152.8,1171.3,1168.4,1180.1
1178.6,1168.6,1174.6,1196.9,1210
1200.4,1219.9,1242.7,1235.3,1227.4
1233.3,1214.3,1192.6,1187.8,1175.7
1193.8,1197.8,1213.3,1211.7,1210.4
1224.8,1220.6,1208.3,1207.6,1239.3
1241.5,1237,1232.8,1228.9,1223.2
1222.6,1229.3,1233.9,1247.7,1257.4
1239.9,1233.9,1236.4,1246.7,1238.2
1242,1245.5,1206.3,1201.4,1207.3
1198.6,1195.8,1209.6,1198.5,1213.3
1212,1208.1,1188,1181.7,1191.5
1191.6,1195.5,1187.7,1183,1158
1160.4,1163.8,1168.2,1183.4,1185.2
1186.3,1197.2,1203.3,1205.8,1196.2
1197.5,1214.8,1214.9,1224.5,1226.6
1229.7,1233.8,1227.2,1226.9,1231.8
1239.5,1235.4,1236,1237.1,1248.3
1246.3,1251.5,1249.2,1257.3,1255.6
1248.9,1244.5,1245.1,1269.7,1266.6
1271.9,1275.6,1279,1272.4,1290.2
1294.3,1296,1296.7,1287.5,1309.4
1307.2,1309,1318.3,1312.9,1339.1
1347.9,1333.5,1346.7,1346.9,1356.4
1372.8,1379.2,1358,1366.8,1336
1344.2,1326.7,1333.6,1341.2,1341
1327.9,1340.2,1360.3,1356.8,1351.4
1368.6,1390.7,1390.5,1405.2,1395.2
1400.7,1407.9,1363.7,1356.5,1336.9
1349.5,1350.7,1357.7,1369.4,1377.8
1364,1366.7,1386.8,1387.6,1385.1
1414,1424.5,1402.5,1380.6,1388.9
1384.5,1401.9,1394,1380.9,1376.4
1383.2,1385.8,1388,1388.4,1373.5
1389.8,1403.4,1413.8,1405.7,1415.6
1409.6,1383.4,1374.8,1372.7,1369
1375.4,1382.6,1386.1,1375,1365.1
1371.9,1367.7,1341.7,1352.3,1330.4
1333,1342,1314,1339,1333.1
1344,1335.6,1354.8,1345.8,1351.2
1362.8,1364.3,1364,1357.8,1361.6
1373.6,1377.7,1384.1,1395.1,1397.8
1415.1,1401.7,1410.7,1415.3,1432.5
1432.3,1418.9,1434.5,1431.6,1430
1429.5,1413.7,1420,1413.3,1398
1387.7,1406.4,1433.5,1430.4,1432.2
1437.7,1436,1413.2,1416,1418.7
1423.3,1433.4,1429.1,1437.9,1456.9
1459.7,1457.6,1476,1461.8,1455
1456.8,1477.6,1486.3,1493.3,1494
1503.7,1513.3,1501.5,1507.1,1528.6
1538.7,1572.9,1542.5,1535,1514.7
1473.2,1501.5,1508.4,1524,1492.1
1503.5,1489.3,1489.8,1496.4,1491.5
1499,1510.5,1527.1,1526.4,1521.2
1519.4,1536.7,1535.7,1541.3,1534.7
1542.9,1545,1544.2,1536.1,1543.7
1528.1,1517.2,1525,1526,1523
1536,1540.1,1547.2,1547.2,1524.7
1503.5,1499.9,1504.1,1511.5,1502.2
1490.4,1513.7,1529.1,1527,1550
1548.2,1574,1586.3,1582.3,1592.8
1608.1,1584.3,1598,1588.5,1610
1609.8,1619.7,1614.2,1617.1,1623
1619.3,1659.9,1660.5,1647.5,1679.1
1722.5,1744,1795.1,1760.6,1734.9
1769,1784.8,1786.5,1823.7,1868.6
1909,1833,1748.4,1768.5,1817.9
1787.2,1830.6,1825.8,1828.6,1886.3
1868.9,1839.3,1858.1,1852.4,1817.8
1843,1816.3,1768.5,1814.7,1778.8
1808,1773.2,1737.3,1646.4,1653.8
1650,1604,1620.8,1627.8,1661
1629.3,1642.6,1657,1645.6,1685
1667.1,1676.1,1665.8,1683.6,1666
1659.3,1643.2,1626.1,1646.2,1645
1717,1717.8,1752,1741.9,1706.7
1724.3,1740.5,1757,1755.3,1798.4
1793,1766.8,1777,1779,1779.2
1777.5,1755.3,1725,1704.6,1675.4
1691.2,1710.8,1711.3,1714,1747
1744.8,1748.9,1722.1,1730.6,1742
1713.3,1707.5,1654.7,1636.5,1571.4
1587.4,1596.4,1596.4,1615.6,1608.8
1612,1599,1584.9,1559.3,1549.4
1568.9,1596.6,1610.8,1622.5,1614.3
1619.9,1634.8,1645.2,1638.9,1643.7
1654,1663,1652.8,1676.9,1666.9
1673,1729,1727,1737.2,1731.7
1738.2,1745.1,1758.7,1728,1722
1744,1731.4,1732.7,1725,1720
1723.6,1718.4,1733.6,1736.1,1758.7
1774,1778.5,1773.6,1767.9,1789.9
1698.6,1723,1705.5,1708.7,1676
1686.4,1698.8,1708.1,1698.4,1676.9
1646.3,1660,1661.2,1648.1,1657.8
1648,1652.5,1665,1687.8,1670.1
1661.8,1660.6,1670.4,1677.6,1646.5
1620.8,1645.3,1649,1654.8,1660
1673.3,1650.8,1652,1653.2,1642.1
1641.7,1642.4,1634.4,1641.3,1658.3
1654.5,1663,1665,1659.2,1651.2
1635.7,1637.9,1636.7,1595.3,1594.2
1586.1,1563,1555.4,1541.4,1546.9
1573.7,1591.9,1575.7,1538.2,1559
1558.2,1574.7,1553.9,1562.7,1560
1623,1619.3,1619.7,1622.6,1589.9
1608,1594.1,1608.2,1621.2,1624.3
1622.6,1629.8,1618.3,1603.2,1565.5
1574.9,1583.5,1567,1573.7,1562.6
1597.1,1618.5,1592.3,1582.1,1599.2
1577.4,1569.3,1567.8,1586.2,1596
1581.2,1580,1583.9,1571.7,1574
1583.7,1614.9,1613.4,1622.9,1621.1
1613.4,1600,1589.3,1604.7,1610.8
1610.2,1612.8,1615.8,1622,1612.8
1593.8,1600.2,1617.8,1614,1620
1638.4,1659.9,1665.8,1674.9,1659.9
1667.2,1655.4,1658.6,1689.1,1690.4
1696.4,1696.7,1733.1,1736,1742.2
1728.7,1771,1774.8,1766.3,1776
1769.1,1785.3,1762.1,1772.6,1762.8
1752.6,1776.8,1766,1777.9,1772.2
1783.5,1792.2,1778,1776.7,1762.4
1761.6,1769.5,1750,1736.7,1749.4
1749.1,1741.1,1715,1726.6,1708.4
1711.7,1706.1,1714.4,1722.3,1711.3
1682.8,1690.1,1707.7,1715.9,1733.7
1733.2,1721.6,1722,1724.9,1710
1721.8,1730.6,1725.8,1750.3,1746.4
1739.8,1719.6,1725.2,1714.9,1716.3
1697.1,1694.3,1701.2,1704.2,1710
1710.1,1707.2,1698.3,1690.5,1701.4
1675.3,1667.9,1648,1654.5,1656.2
1664,1655.4,1672.8,1686.1,1647
1656.5,1647.7,1658.6,1672.5,1673.1
1665.4,1671.6,1674.4,1676.4,1687.4
1690.3,1691.3,1680.8,1663,1651.6
1661.2,1662.4,1675.4,1663.9,1668
1674.2,1672.2,1677,1671.5,1666.5
1643.8,1652.2,1641.1,1633.2,1610
1604.7,1568.5,1580,1579.4,1593.3
1612.8,1596,1579.6,1580.8,1577.6
1577.6,1580,1578.6,1576,1579.8
1592.3,1585.7,1590.5,1605.9,1613.1
1610,1612.8,1611,1607.1,1595.8
1598.5,1604.7,1596.8,1599.2,1575.7
1557.3,1553.2,1575.8,1571.6,1584.4
1557.1,1560.8,1478.2,1358,1373.2
1347.5,1419.3,1406.8,1429.5,1423.2
1433,1467.4,1462.7,1471.1,1475.8
1459,1465.5,1468.1,1462,1455.5
1471.2,1455.6,1440,1430.1,1425.7
1390.4,1386.7,1342.9,1386.5,1387.2
1380.6,1386.8,1380.8,1391.3,1392.1
1412.4,1389.1,1410.9,1397.5,1401.7
1411.5,1378.8,1384.2,1375,1386.8
1383.9,1390.3,1383.1,1368.1,1348.1
1280.4,1297.3,1281.3,1273.9,1224.7
1200.9,1234.7,1254.1,1252.7,1218.8
1234.7,1244.6,1284.6,1282.3,1292.1
1279.4,1286.2,1275.3,1291.7,1317
1334.8,1342.2,1318.5,1326.5,1328.4
1327.2,1325.5,1323,1306.7,1311.2
1303,1282.5,1283.9,1315.1,1317.2
1331.9,1317.7,1340.1,1366.8,1379
1355,1372.5,1362,1376.8,1398.6
1403.8,1417.3,1417.4,1407.2,1393
1413,1393.5,1371,1389.8,1377.5
1365.8,1360,1322.9,1328.4,1313
1292.1,1362.9,1347.5,1327.1,1321.2
1322.7,1335.2,1321.5,1345.8,1328
1288.5,1312,1316.2,1313.8,1326.5
1317.6,1303.4,1286.9,1275.8,1270.5
1282.8,1307,1318.8,1316.8,1313.9
1331.9,1334.5,1346.2,1351.4,1359.6
1340.8,1334,1325.7,1314.6,1313.3
1313.5,1323.6,1308,1281.6,1282.3
1274,1280.2,1287.7,1284.7,1274.2
1269,1245.7,1243.2,1231.1,1243
1241.6,1251.4,1219.2,1225.1,1240
1228.7,1230.2,1239,1261.9,1253.5
1226.7,1238.4,1237,1231.5,1226.6
1190.9,1205.2,1207.1,1213.4,1215
1196.4,1204.3,1221.7,1232.8,1239.3
1227.5,1225.8,1235,1250.6,1251
1243.1,1239.3,1239.7,1256.4,1241.7
1235.2,1258.3,1259.8,1257.9,1262.2
1267,1243.6,1242.4,1258.4,1254
1258,1258.3,1269.6,1274,1290.5
1293.3,1301.7,1322.9,1318.3,1310.7
1320,1324.3,1336.4,1341.2,1329.3
1329.8,1335.9,1350.4,1334.8,1338
1349.5,1336,1340,1349.1,1366.8
1376.1,1386.1,1359.3,1357.1,1333.7
1339.1,1333,1315.5,1315.2,1294.7
1292.2,1294.3,1285.1,1280.2,1290.8
1285.5,1301.4,1296.6,1309.5,1311.8
1319,1320.1,1322.7,1302.7,1300.1
1290,1289.2,1284.3,1284.6,1293.8
1305.4,1295.5,1296,1288.7,1276.7
1305.6,1309.4,1310.3,1291.5,1287.3
1282.1,1295.5,1292.8,1302.5,1293.3
1293.7,1290.7,1287.4,1294.2,1293.2
1291.9,1259.3,1258.3,1255.1,1250
1244.1,1245.1,1244,1253.4,1252.7
1252.4,1259.9,1260,1272.5,1279.8
1272.8,1269.9,1277.2,1321.4,1312.3
1315.6,1315.3,1319.6,1317.4,1315.3
1326.7,1326.8,1318.7,1318.4,1324
1330.5,1337.9,1332.8,1307.4,1298.4
1303.1,1322.7,1311,1306.1,1304.5
1297.5,1294.8,1307.4,1310.9,1298.6
1295.1,1284.1,1294.4,1288,1288.1
1305.3,1310.8,1308.4,1306.2,1308.8
1311.8,1311.7,1301.4,1298.8,1295.4
1290,1276,1277.3,1289.4,1281.5
1284.5,1289.5,1284.5,1266.3,1268.7
1263.2,1268.4,1246.8,1256.7,1237.4
1227,1226.7,1238.3,1236.2,1216.2
1218.3,1214.9,1221,1218.6,1209.5
1214.1,1216.3,1214.8,1207.7,1215.3
1212.4,1187.7,1209.1,1210.2,1223.9
1223.5,1229.8,1235.9,1243.7,1242.1
1237.4,1237.3,1251,1244.8,1228
1229.4,1230.2,1224.9,1224.3,1213.7
1199.6,1166.4,1166.9,1168.1,1141.1
1139.9,1171,1155,1162.5,1163.7
1155.2,1183.1,1197.1,1196.5,1191.8
1191,1197.7,1197.1,1200.5,1160
1212.3,1198.1,1208.2,1203.1,1190.6
1202,1231.2,1226.6,1227.8,1223.1
1197.2,1198.2,1189.7,1198,1198
1179.3,1177.2,1186.5,1181.4,1199.2
1184,1180.3,1203.5,1219.2,1207
1211.1,1224.2,1239.2,1229.6,1231.5
1256.1,1278.9,1295.2,1293.2,1299.8
1289.5,1277.2,1285.9,1283.3,1258
1284.1,1273.5,1262,1271.8,1265
1237.5,1237.5,1233.3,1217.9,1222.2
1227.7,1207.1,1216.5,1206.5,1201.3
1203.4,1204.3,1204.8,1207.7,1214.3
1201.5,1204.8,1201.7,1195,1169.4
1166.4,1162,1155.4,1158.2,1159.7
1153.6,1148.7,1171.6,1171,1181.6
1188,1192.5,1198.2,1197,1198
1185.8,1182.9,1204,1209.9,1214.8
1208.9,1201.7,1195.8,1208.1,1198.8
1194.6,1204.3,1200.2,1205.7,1193.2
1199.1,1187.2,1192.3,1182.3,1199.7
1211.2,1203.1,1178.1,1177.5,1187.5
1194.5,1181.5,1183.3,1189.7,1194.6
1192.7,1214.5,1218.5,1224.5,1223.9
1205.1,1204.5,1211.6,1193.6,1185.9
1187.1,1187.8,1190.6,1189,1193.9
1184.9,1176.4,1169.5,1172.9,1176.1
1183.2,1180.4,1179.9,1186.5,1177.6
1183.4,1199.7,1197.8,1183.8,1176.6
1175.8,1170.5,1185.1,1176.3,1173.1
1166.4,1171.1,1166.8,1152.6,1154.8
1160.1,1159,1157.2,1154,1146.2
1144,1130.4,1097.1,1093,1097.4
1078.6,1100,1097.2,1096.4,1096.1
1087.7,1095.5,1085.1,1086.5,1084.4
1088.9,1093.2,1103.8,1106,1124.3
1113.9,1113.8,1118.2,1117,1132.8
1154.1,1164,1151.5,1139.2,1127.2
1125.3,1131.1,1133.5,1137.3,1130.3
1123.4,1119.8,1123.5,1107.3,1110.8
1107.8,1104.5,1109.8,1118.6,1128.3
1137.6,1132.6,1128.6,1133,1149.8
1133.2,1132.2,1124.3,1115.2,1112.2
1137.1,1136.3,1147.6,1142.7,1151.6
1155.9,1163.5,1172.4,1184.2,1182.5
1176.5,1168.7,1175.9,1166.2,1166.2
1165.1,1164.5,1175.1,1158,1147.5
1137.9,1133.3,1119,1107.9,1105.2
1088.6,1090.1,1091.4,1086,1083.1
1092,1075.5,1064,1077.4,1082.9
1070,1073.2,1070.2,1070.7,1056.5
1064.6,1068.7,1054.4,1063,1084.9
1071,1075.1,1073,1067.8,1074
1064.6,1064.8,1072.6,1053.7,1070.2
1078.6,1074.5,1074.3,1077.9,1079.1
1068.6,1061.9,1063.4,1075.6,1081.6
1091.6,1111.1,1105.7,1093.8,1081.5
1091.5,1085,1089.8,1099.8,1103.6
1098,1099.3,1115.1,1117.8,1125.4
1114.4,1116.7,1128.3,1128.5,1142.5
1155.6,1173.5,1188.7,1189.8,1205.6
1247.8,1233.1,1196.5,1209.6,1230.8
1226.1,1207.4,1230,1239.4,1232.4
1218.6,1240.5,1232.8,1238.4,1263
1259.8,1268.7,1254.5,1250,1270
1256,1228.3,1229.5,1261.5,1257.1
1256.2,1244,1247.7,1214.2,1211.5
1217.8,1241.4,1225.6,1232.3,1221.7
1215.4,1230.4,1224.8,1241,1241.5
1260,1256.5,1231.4,1225.7,1238.7
1231.6,1256.1,1247.7,1248.5,1231.6
1239.8,1248.6,1245.9,1267.3,1292.1
1292.7,1286.9,1282.9,1278.6,1286.5
1265.1,1266.9,1267,1271.4,1272.8
1272.5,1276.4,1248,1256.6,1251.6
1240,1219.3,1232.6,1220.3,1212.5
1215.7,1212.4,1209.1,1244.4,1244
1247.6,1262.5,1267.6,1276.2,1281.8
1284.6,1296.3,1280.3,1288.9,1293.9
1267,1263.4,1253.7,1330,1314.8
1311.6,1315.8,1324.5,1342.2,1359
1366.8,1361.3,1371.7,1353.6,1341.5
1341.4,1333.7,1327.5,1328.5,1331
1312.8,1330.7,1315.7,1315.2,1326
1339.5,1333.2,1348.8,1352.1,1362.4
1354.4,1357.6,1330,1331.8,1344.8
1341.6,1336.8,1336.5,1342.2,1345.5
1351.3,1350.1,1334.4,1337,1337.2
1321.4,1323.8,1315,1322,1310.3
1305.3,1309.6,1323.3,1348.4,1344.8
1338.5,1327,1324.6,1319.2,1320.7
1312.2,1313.5,1313.7,1326.3,1338.6
1337.2,1335.2,1328,1319.4,1321.2
1320.6,1313.5,1307.6,1272.1,1265.3
1253.9,1258.9,1251.7,1258.7,1253.9
1249.9,1260.9,1262.9,1270,1265.9
1269.2,1264.1,1274,1269.4,1270.3
1276.6,1279.3,1288.3,1296.4,1300
1292,1284.1,1272.2,1274.4,1227.8
1224.3,1229.3,1224.6,1211.9,1209.6
1210.4,1212.8,1177,1188,1193.2
1187.1,1172.7,1172.3,1181.8,1170.9
1167.7,1173.8,1166.6,1158.3,1163.5
1159.8,1139.8,1126.9,1139.4,1133.5
1136.1,1131.2,1130.9,1134.3,1141.2
1143.8,1162,1155.2,1156.3,1172
1176.5,1173.9,1184.3,1187.5,1192.7
1195.7,1205.5,1213.6,1200.5,1202.8
1212,1219,1202,1199.7,1187.9
1191.7,1194.9,1211.9,1209.7,1214.9
1221.9,1234.2,1232.1,1239.4,1227.6
1230.5,1225.9,1225.5,1234.5,1240.7
1237.3,1236.1,1236.1,1250,1254.7
1253.6,1247.8,1247.2,1231.7,1235.2
1224.3,1212.2,1204.5,1196.2,1206.2
1203.1,1198.2,1222.2,1227.1,1229.3
1226.4,1247.9,1246.4,1248,1255.8
1255.9,1252.2,1253.1,1242.1,1247.5
1253.1,1255.4,1256.1,1249.5,1252.7
1254.5,1275,1285.3,1291.8,1283.9
1288,1279.7,1279.8,1275,1275.6
1266,1266.7,1265.9,1268.7,1256.2
1255.1,1239.8,1227,1224,1226.1
1219.8,1218.5,1228,1227.5,1230.4
1241,1254.8,1252.7,1251.7,1261.5
1251.9,1257.1,1267.6,1267.4,1262.4
1268,1265.2,1279.2,1279.4,1291.6
1285.4,1277.9,1266.4,1264.1,1269.4
1263.2,1252.8,1252.1,1242.2,1244.1
1251,1250,1260.2,1251.6,1248.5
1248.2,1243.7,1222.5,1225.1,1219.1
1211.4,1208.7,1218.3,1221.4,1214.9
1229.9,1236.2,1240.4,1236.6,1250.7
1256,1252.7,1244.8,1259.6,1258.4
1268.9,1268.4,1268.5,1265.9,1269
1258.7,1256.9,1260.2,1276.6,1286.3
1288.4,1280.5,1271.3,1283.8,1288.6
1285.2,1287.2,1289.4,1288.7,1285.4
1293.5,1318.8,1308.2,1306.6,1320.2
1335.2,1340,1336.4,1351,1331
1327,1323.4,1319.6,1320.6,1309.8
1307.9,1312,1299.1,1295,1293.1
1304.5,1283.4,1283.1,1284.2,1275
1269.7,1273.8,1277.8,1267.6,1280.6
1282.6,1287.3,1291.5,1293.3,1302
1295.1,1279.9,1286.4,1279.6,1274.7
1275.5,1269.9,1273.5,1268.4,1270
1273.1,1272.2,1274.9,1265.3,1269
1276.8,1275.9,1279.7,1283.5,1277.3
1276.9,1281.4,1277.5,1288.3,1274.6
1281.1,1284.7,1293.8,1294.7,1293.4
1283.1,1274.1,1272.5,1275.4,1264.9
1262.3,1246.3,1248.4,1241.3,1241.9
1252.9,1253.1,1256.2,1261.1,1261.3
1266.4,1266.3,1282.4,1284,1288.2
1294.2,1302.3,1320,1319.4,1320.3
1319.9,1309.6,1320.3,1317.1,1327.8
1331.1,1334.4,1328.9,1330.1,1328.4
1335.8,1355.9,1356.3,1351.6,1338.7
1337.5,1343.8,1348.5,1331.1,1338.2
1325.4,1317.1,1320.9,1323.8,1324.5
1332.8,1352,1354,1348.4,1326.8
1322,1328,1335,1331.7,1315.4
1310.4,1314.3,1323.5,1321.6,1338.1
1324.8,1316.8,1319.4,1325.9,1322.2
1316.8,1310.1,1309.4,1311.1,1312.4
1326.6,1343.2,1348.5,1341,1345
1324,1327,1340.4,1331.8,1333.5
1326.5,1333,1335.2,1340.1,1351.2
1335.9,1341,1348,1343.5,1348.6
1342.5,1334,1326.4,1324,1315.7
1315.3,1309.6,1313.2,1309,1310.7
1312.7,1310.6,1310.1,1311.3,1312.2
1319,1319.9,1304.6,1290.9,1291.3
1285.2,1287.4,1291.7,1289.3,1303.7
1303.3,1298.7,1298,1301,1298.6
1293.9,1292.1,1296.1,1298.4,1295.3
1299.3,1297.8,1294,1297.2,1297.2
1280.7,1278.7,1274.4,1262.7,1268.1
1270.6,1267.2,1255.5,1251.7,1250.3
1249.9,1255.5,1255.5,1258.2,1256.2
1253.2,1240.9,1244.7,1242.7,1225.7
1226.7,1227.2,1229.5,1222,1223.9
1231.4,1227.8,1222.6,1222.5,1220.4
1222.9,1214.7,1206.5,1214.4,1207.8
1212,1214.5,1212.5,1207,1193.1
1187.8,1173.2,1174.7,1184.8,1189.8
1194.7,1189.3,1185.3,1210.3,1209.7
1205.2,1205.4,1207.1,1193.8,1192.5
1202,1198.3,1193,1190.4,1205
1203.4,1195,1199.7,1198.7,1202.2
1206.2,1196.2,1199.3,1202.1,1194
1194.6,1181.7,1191.6,1193,1202.6
1199.3,1197.1,1201,1185.6,1189.3
1198.1,1221.6,1222.4,1227.1,1225.9
1226.5,1225.3,1224.5,1224.8,1231.6
1238.6,1234.3,1224.5,1227.7,1216
1215.4,1233.3,1230.6,1230.7,1228.6
1222.9,1207.9,1201.6,1196.3,1207.9
1212.8,1216.7,1223.1,1225.3,1225.8
1220.2,1221.9,1211.5,1221,1224.1
1222.5,1231,1237.5,1238.3,1249.6
1245.8,1245.3,1243.5,1241.7,1239.3
1248.2,1255.8,1243.2,1260.3,1269.3
1276.7,1273.5,1278,1286,1286.8
1294.2,1286.8,1280.5,1279.4,1284.7
1291.2,1292.4,1290.1,1291.6,1291.6
1281.3,1282.5,1281.7,1279.1,1297.4
1300.8,1308.2,1310.4,1320,1320.3
1318.1,1311.1,1312.5,1302.9,1309.5
1313.4,1310,1311.6,1305,1313.6
1320.9,1342.2,1331.3,1324.2,1329.2
1323.3,1327.7,1321.1,1312.2,1285.5
1287,1287.1,1281,1292.1,1291
1294.7,1307.5,1293.4,1300.9,1297.3
1306.9,1300.7,1306.1,1311.6,1320.7
1315.6,1309.9,1308.4,1289.6,1291.8
1286.3,1291.4,1290.6,1292,1292.2
1298.5,1304,1307,1293.4,1284.8
1285.2,1273.5,1270.8,1273.5,1266.4
1268.4,1280.6,1284.9,1284.8,1281.7
1278.7,1269.2,1270.1,1282.2,1280.5
1279.4,1278.9,1285.4,1286.7,1297.8
1296.9,1285.2,1280,1276.1,1272
1273.6,1284.8,1283,1276.5,1280.6
1279.4,1287.7,1307,1324.3,1328.9
1330.8,1333.1,1335.8,1328.4,1326.9
1331.6,1345.4,1339,1349.3,1344
1381.5,1406,1406,1418.1,1407.2
1407,1408.3,1386.6,1391.1,1418.3
1395.9,1394.5,1409.9,1424,1405.6
1414.4,1413.6,1404.6,1422.3,1440.5
1425.3,1418.6,1422.8,1413.9,1422.8
1419.6,1426.3,1431.3,1411.3,1448
1440.4,1469.7,1473.5,1498.4,1506.2
1496,1510.4,1500,1519.8,1524.6
1507.2,1497.5,1504.9,1495.1,1493.5
1543.2,1530.5,1538.1,1537.5,1524.6
1522.9,1549,1551,1517.3,1509
1498.5,1491.7,1499.5,1490.9,1506.6
1497.9,1508.9,1496.1,1503,1515.5
1515.1,1527.6,1507.5,1504.2,1495.9
1468.7,1476.6,1497.4,1505.6,1504.8
1489.4,1507.7,1511.2,1491.9,1484.4
1488.9,1482,1486.2,1487.3,1489.9
1483.4,1486.4,1490.5,1501.4,1504.1
1485.9,1487.2,1496.1,1511,1511.6
1507.1,1483.2,1489.1,1469.1,1461
1454.9,1456.8,1463.8,1469.1,1472
1467.7,1472.6,1463.1,1468.6,1457.1
1459.8,1461.1,1462.8,1461.6,1477.5
1474.7,1475,1458.8,1460.7,1463.1
1475.1,1463.1,1473.8,1474.1,1472.6
1475.9,1476.7,1482.3,1505.2,1513.8
1512.6,1513.8,1518.1,1530.1,1562.7
1580,1558.3,1579.7,1555.7,1551.2
1563,1557.4,1546.7,1548,1555.7
1554.1,1557.3,1559.3,1549.8,1553.1
1556.3,1580.5,1584.3,1576.4,1569.8
1576.8,1573.4,1597.8,1592.9,1577.7
1553.2,1553.6,1564.9,1575.8,1569.3
1570.9,1565.2,1570.2,1575.8,1585.1
1579.8,1600.6,1606.5,1619.3,1656
1657,1645.1,1644,1643,1646.1
1592.8,1586,1640.1,1638.2,1673.1
1692.6,1679.6,1649.3,1633.1,1582.7
1563.8,1512.8,1527.6,1487.2,1471.6
1505,1496.2,1590.9,1671.7,1628.9
1639.7,1641.2,1645.5,1637.2,1596.8
1598.7,1634.8,1641.9,1707.1,1683.1
1684.3,1742.3,1730.3,1780.6,1754.4
1743.1,1720.3,1693.1,1696.5,1705.4
1703.1,1737.6,1746,1740.2,1742.3
1713,1724.8,1729.6,1693.5,1711.2
1711.2,1703.9,1710.7,1695.3,1727
1706,1709.3,1704.2,1705.6,1721.9
1742.5,1757.5,1771,1740.2,1754.9
1742.1,1728.2,1731.3,1728,1736.3
1698.3,1711.5,1732.8,1749.8,1752.3
1752.3,1728.8,1704.9,1715.2,635.2
640.4,624.5,623.7,607.5,607
611.6,612.4,616.2,623.6,632.6
627.1,633.5,633.3,642.2,640.3
647.8,644.5,643.1,647.5,655.5
661.5,659.3,651,659,655.5
659.3,669.5,665.9,669,672
668.5,668.4,671,682.3,679.3
685.3,687.6,687.7,674.5,673
641.5,640.2,644.5,650.6,653.4
650,648,647.6,640.9,645.7
652.9,653.1,657.9,659,663.4
656.7,663.4,662.1,666.5,666.2
667.7,665.5,667.3,675,676
677.5,681.5,680.3,677.5,683.6
690.1,689.4,690.6,685.7,692.5
689,691.3,686.5,686.8,678.3
680,673.7,672.3,681.8,687.2
688,685.1,680.3,651,670.6
668.5,673,660.2,656.2,661
661.4,659.1,661.9,656,655.9
657.1,658.4,662,672,673.7
674,670.9,671.4,659.6,654.4
653.8,651.5,652.8,655.2,658.2
660.2,660.8,648.6,649.9,650.5
647.6,643.5,648.4,649.2,656.8
648.4,652.7,660.5,662.5,660.3
665,666.7,667.1,664.7,672.6
677.2,683.9,680.8,684.2,673.3
662.5,660,665.2,668.3,666.3
666.7,674.4,672.1,670,676.2
667.8,673.4,671,670.5,669.7
665.2,657.7,660,658.4,661.1
663.7,668.8,668,665.9,667.7
666.5,672.8,682.5,679.1,692.4
700.8,705,703.5,713.9,707.4
717.2,719.1,715.8,724.6,732.4
731.4,732.1,731.6,728.3,735.5
745.7,747.4,746.5,732.5,736.8
741.7,737,736.5,741,749.7
750.4,759.6,762.4,760,765.8
765.2,766.7,756,758.2,767.9
783.4,793.8,785.5,795.4,791.3
806.5,804.6,825.3,831.2,841.3
835.8,803.9,804.3,817,794.5
785.7,777.6,802.5,797.6,826
824.8,800.1,807.8,798.6,794.6
805,803.9,804.8,801.2,809.7
812,815.9,810.3,803.5,794.5
804.8,804,800,812.5,826.9
832.5,840.2,843.2,857.8,865.5
865.5,860.9,879.4,885,891.4
899.7,907.3,887.6,885.8,888.2
886.8,891,895.7,906.6,910.5
922,925,936.3,928.6,936.2
912,905.2,910,909.3,920
926.9,924.8,909.4,911,913.6
928.8,945,953.4,948.5,948.9
949,960,972.1,973.1,986.9
984.5,992.7,987.7,984.9,976.8
976.7,979.3,998.5,1004.6,1014.6
1010,979.3,943.2,922,933.9
949.6,951.7,951.1,940.1,919.8
906.5,907.5,914.9,927.2,925.3
935.5,939.2,931.2,929.4,936
948.7,947.9,936,924.6,922.8
921.5,904.8,893.6,893.8,890.6
875.2,873.5,857.7,872.8,881.4
869.4,883.3,884.7,886.5,870.4
868.6,886.3,904.2,905,919.5
924,917.6,925.6,912,900.5
903.2,888.5,898,896.1,886.1
878.8,901,908.9,886.6,882
873.6,870.3,893,887,891.9
906.5,907.3,903.4,891.2,883.8
912.6,927.6,933.7,945.8,944.8
931.4,922.8,928.2,942.1,965.7
974.6,986.2,960,976.2,957
964.5,974.9,935,926.4,929.2
931.1,917.7,919.1,925.6,916.1
915.3,895.4,885.6,883.8,869.5
863.4,826.4,829.1,831.9,799.2
801.7,814.5,814.9,835.6,836.6
819.8,826,830.3,842.6,833
840.7,805.6,809.1,809,813.2
802,781,756.6,756,778.6
777.7,808,910.9,860.6,908.1
898.9,891.3,891.5,890.2,919
912.5,889.1,870.4,844.3,868.8
883,915.5,919.7,925.7,861.1
848.1,848.7,846,807,803.8
793.7,771.7,719.8,734.2,744.5
748.8,750.8,774,736,731.5
760,757.4,759,743,753.6
735.6,734.7,715.5,747.1,741.9
744.9,758.8,750,784.1,824
818.4,822,817.3,786,781.9
780.4,769.6,780.2,776.5,811
832.1,827,842,859,880.8
873,852.1,851,848,872.4
882.9,878.1,881.5,883.5,867.6
867,861,862.1,844.4,825.6
827.1,808.8,842.5,862.7,852.6
860.9,899.1,911.6,903,894.6
909.7,930.3,928.8,913.3,909.2
924.4,918.5,911,917.5,947.2
952.8,947.3,973.8,988,986.2
1004.9,996.5,991.6,977.5,956
963.2,963.2,931.8,923.2,932.6
944.5,940.5,921.8,912.4,927.5
937,929.6,924.4,944,960.8
960.6,952.6,923.3,936.5,943
923,932.5,924.5,932.5,930.3
910.3,895,884.7,889.1,886.1
899.4,897.8,895.3,893.4,875.7
889,895.1,893,909,913.6
918,899.7,902.5,898.9,889.2
907.5,912.3,911.1,924,915.3
914.4,923.5,929.7,922.6,931.6
932.9,926.3,940.5,943.9,958.7
953.5,956,964.9,980.4,988.1
986.5,990.3,982,983,960.1
963.7,966,961.9,956.5,938.5
938.6,937.8,942,936.5,926.2
926.5,942.7,939.1,946,942.5
943.9,944.2,941.5,933.5,931.7
919.6,917.4,913.5,922.2,926.2
941,938.4,937.8,954.5,948.6
953,954.2,952.8,957.1,949.5
927.2,937,958.1,964,969.5
968.1,971.1,964.3,956.1,949.7
951.5,960.1,957.4,947.4,938.6
944.9,945.7,957.6,957,954.5
948.2,949.4,962.2,959.5,956.5
978.8,995.8,995,1006.9,1002.8
997.2,1011.9,1003.8,1008,1019.8
1019.5,1017.6,1003.7,1019.4,1015.2
1015,997.4,993.2,995.7,1009
1008.8,1007.3,1017.6,1043.8,1048.2
1060.4,1051.5,1058.4,1068.4,1070.2
1062.2,1056.2,1061.2,1066.2,1064
1061.2,1065.9,1055.6,1042.1,1042.1
1047.3,1045.8,1061.8,1087,1097.4
1092.3,1100,1109.3,1108.6,1117.6
1121.3,1118.2,1140.5,1140.4,1149.4
1144.8,1147.9,1163,1169.8,1186.9
1183.7,1202.7,1217.3,1226.4,1211.2
1165.5,1169.3,1147,1134.8,1141.4
1127.5,1128.6,1140,1141.5,1115.2
1119.2,1097.4,1094.6,1111.9,1105.2
1097.1,1106.1,1122.3,1126.5,1139.2
1133.1,1138.2,1161.2,1157.2,1136.4
1145.9,1133.4,1139.7,1133,1107.5
1095.4,1095.2,1097.9,1084.4,1095.7
1090.8,1107.3,1118.5,1124.9,1110.7
1068.5,1073.4,1082,1081.1,1097.1
1092,1120.4,1127,1123.7,1126.2
1127.4,1118.3,1096.5,1108.2,1118.3
1121.9,1137.4,1145,1139,1134.8
1123.6,1124,1127.1,1108,1117.4
1107.1,1127,1131.4,1127.8,1107.4
1099.3,1103.5,1092.4,1092.7,1104.2
1110.3,1112.9,1118.7,1127.7,1133.3
1138.5,1153,1152.3,1164.8,1169
1157,1160.6,1159.8,1160,1137.1
1145.8,1150,1144,1153.1,1160.1
1170.7,1171.3,1171.2,1181.3,1187.5
1191.8,1177.2,1210.6,1210.8,1203.8
1233.5,1246.5,1240,1227.4,1235.9
1216.1,1192.6,1191.8,1175.7,1193.8
1200,1213.3,1218.5,1214.8,1228.2
1225.8,1224,1220.4,1244.7,1252.1
1238.2,1233.5,1229.6,1232.7,1236
1229.3,1251.1,1261.5,1264.8,1242.8
1245.1,1248.1,1256.9,1238.2,1245
1246.2,1242.4,1211.6,1211.8,1198.6
1203.3,1213,1198.5,1217.4,1213.8
1208.1,1188,1182.2,1191.5,1194.5
1196,1198.6,1183,1158,1160.4
1169.2,1183.1,1191.8,1190.5,1203
1199.3,1211,1209.5,1206.5,1208
1215.5,1214.9,1225.4,1227.4,1231.6
1237.6,1232.8,1228.9,1234,1240.7
1243.3,1236,1237.9,1249.4,1254.3
1252.5,1249.2,1258,1260.2,1256
1244.5,1245.1,1272.4,1269.8,1275.2
1279.6,1282,1289.8,1290.2,1294.3
1297.4,1296.7,1308.6,1312.5,1315.2
1320,1319.1,1341.1,1349,1363
1348.4,1353.7,1352.2,1374,1383.9
1382.4,1372.6,1370.5,1345.8,1346.2
1328.1,1349.1,1341.2,1341,1343.6
1358.7,1360.3,1356.8,1359.2,1392.5
1398,1409.2,1423.2,1408.1,1413.5
1407.9,1372.6,1358.2,1341.8,1353.2
1352,1357.7,1377.5,1377.8,1369.3
1390.1,1396.6,1398.6,1415.1,1428.4
1431.1,1403.8,1394.2,1392,1399.2
1407.3,1394,1385,1378.6,1386.7
1389.5,1389.5,1388.4,1384.2,1406.7
1412.2,1413.8,1421.1,1423.9,1410.9
1384,1376.5,1377.2,1374,1384.5
1385.5,1392.5,1376,1371,1376.2
1367.7,1345.6,1352.3,1331.5,1341.7
1342,1346.6,1345.9,1342.9,1344
1355.8,1360,1353.8,1367,1366.5
1364.5,1368.8,1365.6,1376,1382
1384.7,1391.8,1408.7,1413.8,1415.3
1411,1415.7,1434.4,1440.5,1432.3
1429.8,1445,1432.6,1435.7,1429.8
1422.6,1427.7,1413.3,1404.2,1393.6
1419.3,1433.5,1430.4,1439.7,1446.9
1436,1415.6,1416,1430.3,1440
1436.5,1439.1,1457.6,1462.3,1462.5
1475.5,1476,1467.2,1462,1476
1487.5,1497.3,1499.5,1505.3,1508.3
1518,1506.3,1512.8,1536,1568.7
1576.6,1547,1539,1520.7,1494.8
1512.8,1516.9,1524.1,1498.5,1511.3
1494.9,1491.8,1497,1491.5,1512.7
1512.3,1527.1,1527.5,1521.2,1538.5
1541.1,1550.6,1544.5,1546.3,1553.9
1549.9,1544.2,1548.8,1543.9,1533
1526.2,1533.4,1531.2,1541.6,1545.7
1547.5,1558.5,1547.2,1525,1503.5
1505,1512.2,1514,1502.2,1515
1531.5,1533.1,1542.6,1555.2,1565
1585.6,1592.8,1592.2,1605,1608.8
1596.7,1601.6,1606.5,1619.4,1618.5
1619.7,1620.6,1634.9,1631.8,1660.6
1672.3,1681.8,1666.1,1720,1779
1795.6,1813.5,1764.2,1765.2,1787.3
1794.3,1828.5,1874.4,1895,1909.3
1853.1,1772.5,1829.3,1817.9,1839.6
1837.9,1829.5,1884.2,1911.6,1873.7
1870,1881.3,1852.4,1835.3,1843
1816.3,1819.1,1818.9,1807.8,1811.7
1773.2,1737.3,1661.8,1665.4,1650
1633.8,1639.4,1660.8,1678.1,1640.3
1654.7,1665,1676.8,1685,1691
1678.8,1683.3,1693.5,1666,1659.3
1643.2,1647.4,1657.8,1706.8,1723.6
1735.5,1752,1741.9,1720.1,1741.4
1766,1761.2,1797,1798.4,1793
1766.8,1789.1,1779,1783.1,1777.5
1755.3,1736,1704.6,1702.2,1700
1710.8,1718.4,1749.2,1753.3,1762.9
1752.6,1731.8,1741.9,1752.3,1720.7
1708.2,1671.8,1639.5,1592.8,1595.9
1603.4,1617,1635,1610,1612.8
1599,1588.6,1559.3,1579.5,1604.3
1618.6,1624.1,1627.8,1620.1,1638
1645.4,1656.1,1643.4,1657.8,1660.3
1664.4,1664.3,1680,1668.2,1706.2
1729,1734.1,1739.9,1747.7,1751.1
1761.1,1761.3,1738.3,1748,1751.5
1749.7,1734.4,1733,1724.9,1737
1728.4,1735.1,1760,1781.9,1786
1780.7,1775.6,1789.4,1790.4,1724.6
1723,1709.5,1708.7,1684,1702.4
1710.9,1708.1,1698.4,1681,1660.2
1661.4,1668,1652.3,1660,1649.4
1665.1,1692.9,1690.8,1670.1,1664.5
1670,1682.8,1679.5,1647,1633.2
1646.4,1661.7,1659.7,1680.1,1674.8
1656.8,1652.9,1653.3,1653.1,1645.6
1642.4,1648.6,1643.8,1659.6,1666.9
1665.7,1670.5,1659.2,1652.2,1645.6
1640,1636.7,1595.3,1595.1,1589.6
1563.1,1558.3,1541.4,1579,1591.6
1594.1,1578.1,1548.1,1569.4,1568.8
1582.5,1569,1572.6,1630,1627.9
1622.7,1639.7,1627.2,1593.9,1608
1612.8,1622.4,1626.4,1630,1627.6
1630.7,1618.3,1603.3,1568.4,1587.5
1583.5,1577.5,1573.7,1603.5,1598.3
1619.2,1593.8,1588.6,1599.8,1579.5
1574.7,1594.1,1591.2,1596,1583.7
1586.9,1584.4,1577.1,1581.9,1608
1615,1617.9,1625.8,1627.5,1617.2
1615,1606,1614.1,1615.7,1614.8
1617.2,1624.1,1623.7,1615.6,1604.6
1616.1,1617.8,1621.4,1639.9,1653.1
1672.7,1669.8,1674.9,1671,1667.3
1662,1690,1698,1693.3,1712.4
1738.2,1733.5,1736,1742.3,1769.1
1774.5,1774.8,1768.4,1778.5,1771.3
1785.3,1762.1,1772.7,1764.2,1780.2
1782.2,1791,1779.3,1779.9,1794.8
1792.2,1778,1776.7,1764.2,1771
1769.5,1750,1744.7,1751.5,1749.1
1741.1,1728.3,1726.6,1708.5,1716.7
1716.2,1724.5,1725.1,1711.3,1683.1
1718,1726.5,1725.4,1734.1,1733.4
1728.2,1729.5,1724.9,1714.3,1734
1731.1,1727.9,1750.5,1746.4,1739.8
1729,1731.2,1721.9,1716.8,1706
1702.1,1704.5,1717,1714.1,1722.3
1707.2,1699.2,1698.5,1702.8,1676
1671,1659.1,1666.7,1662.6,1664
1677.1,1693.8,1686.8,1658.3,1659.9
1661.5,1662.1,1677.3,1673.1,1673.8
1684.3,1682.7,1694.6,1692,1694.7
1693.7,1681.7,1663,1655.5,1661.5
1683,1680,1681.2,1676.5,1683.4
1678.5,1682.1,1672.5,1668,1650.4
1652.3,1646.9,1633.9,1617,1606.9
1581.2,1585.4,1596,1615.2,1612.8
1601.6,1585.6,1580.8,1585.5,1582.6
1583.5,1581.2,1579.7,1595.6,1596
1590.6,1594.4,1607.7,1613.1,1612.5
1613.8,1611,1607.8,1595.8,1608.1
1606.6,1600.5,1602.6,1576.4,1557.3
1580.6,1577.8,1589.3,1586,1566.7
1560.8,1487.4,1401,1394.2,1396.4
1420.3,1434.9,1429.5,1430.1,1461.8
1476.2,1475.5,1476.6,1477.1,1471.2
1487.1,1477.2,1466.2,1474.7,1473.4
1459.3,1440.6,1444.4,1425.7,1395.1
1391.1,1387.5,1392.3,1395.7,1394.8
1386.8,1390.4,1391.3,1417.5,1421.1
1416.3,1413.7,1410,1422.7,1416.1
1386.9,1384.4,1393.5,1390.9,1389.6
1390.5,1383.5,1373.6,1348.1,1300
1297.3,1286,1273.9,1241.4,1232.3
1261,1266.3,1254.1,1235.2,1254.5
1263.9,1285,1282.3,1292.4,1291.4
1294.4,1286.4,1293.3,1336.4,1342.3
1343.5,1336.8,1326.5,1328.4,1329.6
1338.4,1328.5,1317,1318.3,1305.9
1288.4,1312.8,1315.8,1342.4,1339.1
1336.3,1369.6,1378.9,1384.4,1377
1377.3,1380.4,1398.2,1402.8,1421.1
1428,1417.4,1409.8,1414.4,1413
1397.5,1390.1,1389.8,1377.5,1365.8
1360,1323,1329.6,1313.1,1347.7
1373,1347.5,1327.8,1324.9,1335.9
1338.3,1343.8,1350.9,1334,1321
1319.5,1318.1,1325.4,1330,1319
1310.8,1291.6,1285.8,1283.6,1284
1322.7,1326,1317.7,1342.6,1333.9
1350.2,1353,1359.2,1359.7,1355.8
1334,1325.7,1320.5,1317.5,1318.6
1323.6,1308.1,1281.8,1282.3,1280.5
1293.3,1288.5,1284.8,1275.2,1269
1247.1,1247,1241.1,1243,1254.8
1251.5,1225.7,1250.4,1241.5,1242
1243.2,1267,1261.9,1255.4,1239
1250.6,1240.4,1245.1,1226.6,1207.8
1205.2,1215.9,1218.5,1215,1212.4
1227.3,1239,1247,1242.4,1227.5
1229.3,1246.8,1252.7,1251.3,1243.2
1242.8,1254.3,1257.5,1242,1264.2
1269.4,1264.4,1258.4,1262.2,1267.7
1254.5,1266.3,1260.7,1273.7,1267
1271.4,1277.3,1292,1296.2,1303.5
1320.7,1330.6,1321.6,1323.5,1328.3
1339,1343.9,1342,1335,1332.6
1354.1,1350.4,1341,1351.7,1352.7
1344.7,1352.4,1370.5,1374.5,1386.6
1391.4,1361.8,1358,1333.7,1339.1
1333,1315.5,1315.2,1294.7,1299.4
1298.8,1287.9,1294.1,1293.5,1306.1
1304,1314.1,1313.6,1323.8,1322.8
1330,1322.7,1303.5,1303,1299.2
1291.6,1287.7,1297.9,1304.6,1305.4
1300.5,1296.5,1288.7,1302.7,1314.2
1309.4,1312,1291.5,1287.3,1295.9
1295.5,1306.9,1302.5,1293.3,1293.7
1294.5,1288,1295,1293.4,1291.9
1259.3,1260.6,1259.6,1250.7,1247.5
1248.8,1256.6,1256.6,1256.1,1262.3
1264.4,1274.5,1274.7,1282.1,1272.8
1272.7,1321,1321.4,1318,1325.6
1323.4,1319.6,1320.9,1328.7,1331.4
1330.7,1320.3,1323.5,1330.4,1343.7
1339,1332.8,1311.9,1303.1,1323.8
1322.7,1315.5,1306.1,1304.5,1297.5
1303.1,1308,1310.9,1303,1297.3
1296.6,1295,1292.7,1309,1313.1
1321.4,1309.7,1315.8,1312.8,1316.4
1312.8,1302.1,1301.6,1295.8,1290
1280,1277.6,1289.5,1282.3,1293.7
1289.7,1286.4,1271.1,1272.7,1268.1
1268.4,1246.8,1256.7,1237.4,1229.9
1235,1238.3,1236.2,1225.7,1218.3
1216.8,1221,1218.6,1221.2,1214.1
1222.2,1218.2,1217.8,1219.5,1212.4
1208,1211.7,1217.9,1229,1223.5
1234,1235.9,1247,1243,1238.3
1244,1251,1244.8,1228.5,1232.7
1230.2,1231,1224.3,1214.7,1199.7
1172.3,1171,1168.7,1147.5,1169.7
1171,1170.5,1168.1,1164.5,1191
1186.9,1197.1,1198.3,1191.9,1202.4
1197.9,1197.1,1201,1220.4,1212.3
1213.7,1213,1206,1207,1238
1234.6,1231.2,1227.8,1223.1,1222
1199.6,1207.3,1200.8,1198,1180.3
1195.3,1186.5,1210.3,1199.2,1194.5
1206.9,1220,1219.2,1215.7,1220.2
1234.4,1239.3,1243.8,1265,1279.7
1297.3,1303.5,1302.1,1299.8,1290.6
1291.7,1286.8,1285.4,1284.3,1284.1
1284.7,1271.6,1272.6,1267.6,1242.3
1245,1237.4,1229.8,1232.8,1234
1210.2,1220,1213.1,1203.3,1203.5
1204.6,1219,1217.8,1222.7,1212
1206.9,1205.4,1195.7,1174.2,1168.4
1162,1160.5,1159.2,1162.3,1158.2
1174.3,1171.6,1185.4,1188,1193
1199.2,1213.7,1199.8,1198.5,1190.1
1208.2,1205.7,1224.2,1214.8,1211.4
1202.5,1209.6,1208.1,1200.6,1203.1
1208.5,1206,1206.9,1202.9,1202.6
1197,1194.7,1206.7,1214,1212.6
1205.9,1178.1,1189.4,1198.7,1194.6
1186,1189.1,1190.5,1194.8,1218.4
1225.6,1225.5,1228.1,1223.9,1210.8
1204.5,1211.9,1193.6,1185.9,1192
1193.3,1204,1194.3,1193.9,1185.3
1177.3,1176.1,1180.3,1190.1,1183.2
1181.2,1188.5,1186.5,1186.3,1202
1203.1,1197.8,1186,1176.6,1175.9
1172.9,1186,1176.4,1173.1,1168.1
1173,1166.8,1163.3,1163.6,1161.4
1159,1157.2,1154,1146.2,1144
1130.7,1106.4,1095,1097.6,1100.7
1102.5,1097.7,1096.9,1097.5,1102.8
1097.1,1093.9,1090.6,1092.2,1098.3
1107.6,1116.7,1124.5,1124.3,1118.8
1122,1118.4,1134.3,1153.3,1166.5
1169,1155.5,1143,1127.4,1139
1134,1144.7,1140.4,1132.9,1125.2
1124.3,1123.5,1113.5,1111.7,1108.6
1104.5,1119.9,1130.5,1141.2,1138.5
1135,1132.2,1155.9,1149.8,1133.2
1134.4,1126,1119,1141.2,1141.7
1150,1152.9,1146.7,1157.2,1166.8
1166.2,1189,1188.3,1184.1,1177.8
1179.1,1176.4,1168.6,1178.7,1170
1166.8,1182.7,1162,1147.6,1138.7
1134.7,1121.9,1110.7,1109.5,1088.6
1091.3,1091.4,1086.6,1085.9,1092.4
1075.8,1071.9,1082.4,1082.9,1071.5
1079.4,1072,1074.2,1068.4,1074.6
1069.5,1064.6,1088.8,1086.5,1078.4
1086,1076.3,1079.4,1076.7,1066.2
1078.7,1072.6,1070.3,1081.9,1078.6
1074.8,1077.8,1098.8,1079.7,1070.2
1062,1082.5,1081.5,1093.7,1109.4
1111.1,1107.9,1098.5,1093.9,1091.5
1095.8,1094.4,1109.8,1103.6,1103.2
1109.3,1121.7,1117.8,1125.7,1118.6
1130,1131.4,1146,1157.6,1174.8
1200.4,1199.2,1197.7,1260.8,1247.8
1233.6,1212.9,1239.2,1232.8,1226.1
1226.1,1250.1,1241.5,1239.1,1241
1248.4,1242.6,1267.9,1279.9,1272.3
1276.3,1260,1273,1280.7,1258
1236,1263.8,1270.1,1264.4,1256.2
1252.4,1247.7,1221.4,1222.2,1235.6
1245,1239.6,1235.2,1222.3,1236.7
1230.4,1242.9,1242.8,1258.7,1261.7
1256.9,1243.7,1235,1241.1,1256.2
1256.1,1270.6,1248.5,1240.9,1244.2
1249.5,1270.1,1295.5,1304.4,1301.5
1290,1286,1295.6,1286.5,1267.4
1279.2,1281.2,1275.7,1287.8,1281.6
1276.4,1255.5,1256.6,1251.6,1240
1223.5,1232.6,1223.2,1217.6,1219.8
1217,1244.5,1247.3,1244.9,1264
1271.4,1278,1287.3,1289.7,1296.2
1316.4,1300.1,1291.2,1293.9,1269.2
1270.5,1355.6,1331.7,1315.6,1327.4
1323.5,1344.2,1356.8,1374.9,1368.6
1365.8,1371.8,1356,1342.4,1341.4
1333.7,1335,1333.2,1337.5,1330.5
1330.7,1319.3,1320.7,1326.6,1344.3
1353.3,1353.5,1366,1364.7,1361.6
1360.8,1335.4,1339.4,1354.2,1350.4
1351.8,1340.6,1355,1347.3,1354.4
1350.1,1337.7,1341.2,1337.2,1324
1340.5,1323,1322.1,1313.7,1313.1
1326.7,1349.4,1350.5,1345.4,1338.5
1329.3,1324.6,1322.3,1320.7,1312.6
1313.5,1313.7,1326.9,1340.4,1337.2
1341.8,1328.7,1319.4,1325,1327.7
1316.8,1310.2,1274,1265.3,1263.6
1258.9,1254,1259,1253.9,1255
1261.7,1271.5,1270.5,1265.9,1269.2
1274.1,1274,1269.4,1281.5,1276.6
1290.7,1307,1303.1,1303.3,1294.5
1289.4,1318.6,1287.5,1229.5,1226
1229.3,1225,1211.9,1209.6,1211.1
1213.8,1189.3,1190.6,1194.8,1193.3
1174.6,1177.3,1186.7,1174.5,1178.5
1177.8,1168.8,1163.9,1164,1164
1143.3,1140.9,1140.7,1133.5,1136.1
1132.8,1132.8,1142.2,1141.2,1158.8
1162,1160.8,1165,1183.3,1176.5
1183.6,1188.9,1197,1204.3,1196
1214.6,1214.7,1204,1212.1,1215
1219,1202.8,1199.7,1188.3,1198.5
1214.7,1211.9,1224.2,1220.6,1235.4
1236.2,1243.9,1243.5,1234.4,1231.1
1233.5,1231.7,1240.7,1241.2,1237.5
1238.6,1250.3,1258.8,1263.1,1257.3
1248.9,1247.6,1235.2,1235.2,1225.4
1212.2,1205.6,1203.3,1210,1205.9
1221.2,1231.4,1230.9,1234.4,1246.1
1249.5,1247.5,1248.3,1257.7,1255.9
1253.4,1253.6,1248.8,1252.4,1260.3
1255.4,1257.5,1269.1,1255.2,1273.5
1285.1,1287.6,1294.8,1291.7,1288
1281.9,1287.4,1276.4,1276.9,1266
1267.2,1267.2,1269.3,1256.2,1255.8
1239.8,1233.7,1234,1226.2,1220.2
1222.7,1229.5,1232.7,1237.3,1259.2
1260,1252.7,1260.7,1261.6,1257.8
1258.3,1267.6,1270,1273.2,1269.2
1279,1282,1295.2,1293.1,1287.6
1277.9,1269.3,1266.9,1278,1264.2
1255.3,1252.2,1245.5,1245,1252.7
1273.6,1260.2,1251.8,1248.5,1250.7
1243.7,1225,1225.1,1220.4,1212.1
1214.9,1219.4,1221.4,1227.5,1233.4
1241.2,1241.2,1244.8,1254.3,1256
1253.6,1249,1259.6,1270,1270.8
1273.3,1272.1,1269.8,1269.6,1259.1
1264.1,1277.8,1287.4,1291.1,1288.4
1280.5,1282.6,1288.5,1300.7,1290.8
1288.4,1289.4,1288.7,1292.7,1311.3
1323.8,1312.5,1322.3,1327.7,1339.2
1340.3,1349,1355.8,1331,1328
1323.4,1329.3,1321.2,1310.4,1310.3
1312,1304.1,1295.7,1309.2,1305.6
1283.4,1288,1289.4,1276.1,1273.3
1280.8,1277.8,1272,1284,1293
1292,1294.5,1301.7,1303.8,1295.1
1279.9,1286.9,1279.6,1280.8,1275.5
1275.4,1273.5,1268.5,1274.1,1274.6
1274.8,1274.9,1267.9,1280.5,1276.8
1284.9,1286.9,1283.5,1277.3,1281.5
1284.7,1277.5,1295.8,1275.9,1281.1
1291.6,1293.8,1294.7,1296.2,1284.5
1288.6,1276.1,1275.8,1267.8,1262.4
1249.3,1249.2,1244.4,1254.5,1257.7
1260.3,1262.4,1264.3,1266.6,1267.4
1276.3,1284.1,1287,1294.1,1306.3
1317.6,1320.1,1322,1320.3,1319.9
1311.7,1320.7,1320.6,1338.2,1335.4
1338,1328.9,1333,1330.9,1335.9
1357.2,1362.4,1352,1347.8,1346.9
1350.6,1352.1,1340.2,1343.7,1331.1
1321.1,1322,1325.5,1329.6,1355.5
1355.9,1361.4,1350.2,1331.5,1331.4
1332.1,1340.5,1332.6,1321,1318.1
1323.2,1325.9,1333.6,1338.1,1326.8
1322.4,1319.4,1325.9,1324.4,1316.8
1311.3,1316.9,1311.1,1328.8,1326.6
1349.3,1354.4,1341.3,1346.4,1327.1
1344.2,1341.5,1347.3,1333.7,1333
1337.5,1342,1365.4,1351.5,1346
1348.8,1348.1,1354.2,1355.2,1343.4
1334.4,1331.7,1325,1316.3,1321.7
1316.2,1313.8,1309.3,1310.7,1312.7
1312.5,1312,1311.3,1320.8,1319
1319.9,1304.7,1294,1291.3,1290.2
1292.1,1291.7,1289.3,1303.7,1303.3
1298.7,1303.7,1306.8,1299.5,1297.1
1299.8,1300.4,1302.8,1299.4,1302
1298.1,1299.4,1307.7,1307.7,1280.7
1281.8,1274.4,1268.9,1270.2,1271.2
1267.2,1255.5,1251.7,1253.3,1249.9
1257.3,1255.5,1262.3,1256.9,1253.2
1246.7,1247,1243.8,1225.7,1226.7
1228,1229.5,1224,1223.9,1231.4
1227.8,1222.6,1223.9,1228.1,1223.7
1219.3,1218.6,1214.4,1214.8,1215.2
1215.3,1216.4,1207.4,1197.5,1188.1
1180.2,1181.2,1190,1192.6,1196.3
1190.3,1208,1211.4,1217,1205.2
1205.6,1208.2,1193.8,1196,1202
1198.3,1193,1196.3,1205,1203.4
1195,1199.7,1198.7,1202.2,1206.2
1196.2,1199.3,1202.8,1194,1197.3
1191.9,1191.6,1206,1202.6,1204.6
1205.3,1201,1189.1,1192,1224.6
1221.6,1232.3,1230.5,1225.9,1226.5
1225.3,1224.5,1237.8,1231.6,1238.6
1234.8,1224.5,1227.7,1216.6,1236
1233.3,1231.5,1233.8,1228.6,1222.9
1207.9,1201.6,1201.3,1207.9,1212.8
1223.8,1223.1,1228.8,1225.8,1222
1222,1221.4,1228.7,1225,1234.1
1241.4,1244.4,1249.8,1249.6,1248.7
1245.6,1243.5,1241.7,1247.4,1249.2
1255.8,1263.6,1261.3,1277.4,1277.3
1280.1,1281.3,1286,1292,1294.2
1286.8,1283.2,1289.3,1284.7,1291.2
1293.9,1292.7,1291.6,1292.7,1281.3
1283.3,1283.9,1279.1,1297.4,1307.1
1308.2,1323.4,1325.4,1320.7,1318.1
1315.1,1313.5,1310.4,1314,1313.4
1312,1316,1311.8,1318.8,1340.1
1344,1334.9,1331.3,1331.6,1325.5
1327.9,1323.7,1312.2,1287,1287
1287.1,1284.6,1297.4,1291,1296.3
1307.5,1293.4,1304.7,1302.2,1306.9
1300.7,1306.1,1311.6,1322.9,1315.6
1309.9,1311.1,1298.5,1295.9,1290.9
1293.1,1292.6,1292,1302.1,1304.9
1309.1,1307.1,1293.4,1287.3,1285.2
1273.5,1273.6,1273.5,1269.8,1275.5
1280.8,1284.9,1284.9,1283.3,1283.3
1270.8,1279.2,1282.2,1283.5,1279.4
1285,1286.5,1300.1,1297.8,1296.9
1285.4,1280,1276.1,1272,1273.6
1284.8,1283,1276.5,1280.6,1288.3
1306.4,1327.8,1328.6,1343.3,1338.7
1347.7,1336.5,1328.4,1334.5,1341.1
1355.4,1340.3,1349.3,1344.6,1392.9
1406,1420.6,1433.3,1413.3,1410.8
1422,1395.8,1418.4,1418.3,1397
1397.5,1410.1,1424,1410.1,1415
1413.7,1421.3,1444.2,1442,1425.3
1421.3,1422.8,1413.9,1423,1419.6
1433.9,1435.8,1445.2,1448,1469.7
1475,1509.9,1508.5,1507.5,1514.9
1531.4,1520.5,1522.7,1524.6,1507.6
1506.1,1505,1497.3,1527.6,1543.3
1542.1,1538.1,1549.3,1530.4,1547.3
1553.2,1551.1,1526,1513,1498.5
1496.6,1515.4,1490.9,1506.8,1505.1
1509.4,1502.4,1507.3,1523.7,1533
1527.9,1507.5,1506.1,1495.9,1485.5
1503.7,1518.2,1508.7,1505.8,1506.3
1507.7,1511.2,1494.9,1493.5,1495.4
1488,1493.2,1489.1,1489.9,1483.5
1490.3,1501.2,1514.3,1504.1,1487
1495.4,1513.1,1511.6,1511.6,1507.1
1491,1489.1,1469.1,1461,1454.9
1463.3,1471.8,1469.1,1472,1474.3
1474.5,1463.1,1468.6,1457.1,1459.8
1461.9,1464.4,1480.4,1483.4,1478
1476,1464.2,1467.2,1475.4,1483.9
1475.9,1475.3,1476.9,1472.6,1478.9
1478.1,1482.5,1512.3,1513.8,1515.1
1523.4,1528.7,1552.7,1590.9,1580
1576.3,1604.2,1555.7,1558.8,1563.1
1558,1546.7,1553.9,1556.1,1558.8
1559.1,1566.2,1557.1,1564.6,1571.1
1588.4,1584.5,1576.4,1569.8,1585
1589,1598.5,1593.3,1577.7,1560.7
1565.6,1571.9,1580.2,1574.7,1571.1
1568.7,1575.1,1582.7,1586,1604.3
1610.5,1621,1645,1684.1,1686.6
1653.7,1648.1,1662.5,1651,1612.1
1650.5,1654.3,1675.5,1692.8,1704.3
1681.3,1671.8,1651,1597.9,1574.8
1554.3,1547,1502.8,1519.4,1510.7
1576,1698,1679,1672.4,1647.2
1673.6,1651.6,1641.6,1612.4,1645.6
1652.8,1742.6,1742.6,1695.8,1754.5
1747.7,1772.8,1788.8,1758.5,1768
1723.3,1694.8,1718.4,1718,1742.4
1764.2,1760.2,1743.3,1745.8,1731.9
1733.5,1737,1714.4,1711.9,1726
1717.8,1715.2,1733.2,1735.5,1711.3
1712.6,1716.6,1727,1746.5,1761.2
1768.3,1775.8,1751.6,1757.6,1744.8
1742,1732.6,1731.5,1736.4,1713.2
1743.7,1754.5,1758.6,1761,1757
1732.2,1729,1718.4,635.2,628.5
624.5,617.3,607.5,607,611.6
612.4,616.2,623.6,630.5,627.1
633.5,633.3,642.2,640.3,647.8
644.5,643.1,640.8,641.8,652.6
642,647,648.1,650.4,649.1
658,661,663.8,666.7,663
664.5,658.3,657.5,676.5,674
683.8,668.5,662,673,641.5
640,641.3,650.6,653.4,650
648,647.6,640.9,645.7,652.7
653.1,657.9,659,663.4,656.7
663.4,662.1,666.5,654.6,659.1
656.1,662.2,664,671.5,671.1
673.9,674.8,673.1,680.2,685.1
687.2,687,681.9,690.1,688
683,683.8,673.5,673,677.3
673,672.3,681.8,687.2,688
685.1,680.3,651,670.6,668.5
673,660.2,656.2,661,660
659.1,661.9,654,655.7,657.1
651.5,652.5,660.8,668.9,669.3
665.4,658.3,645.2,649.2,646.9
644.3,650,650.7,655.7,653
658,648.6,649.9,650,640
640.4,643.9,647.5,656.8,648.4
652.7,660.5,662.5,660.3,665
666.7,667.1,664.7,672.6,677.2
683.9,680.8,684.2,673.3,662.5
660,659.3,662.6,658.5,662.8
665.7,668.8,666.5,674,661.4
659.5,668.6,665,662.5,642.9
648.4,658.6,657.5,658.9,663.2
662.1,666,664.2,667,665.5
672.5,682.5,678.6,692.2,700.8
702,702.8,712.5,706.9,714.9
719.1,715.8,724.6,732.4,731.4
732.1,731.6,728.3,727.4,733.7
741.8,726.5,726.7,724.3,731
732.4,735.5,740.7,746,748.7
757.9,756.1,757,765.8,762.7
751.9,756,753.5,767.9,771.4
787.3,780.7,789.3,785.3,794.1
804.2,821.9,830,829.8,831.7
798.7,800,816.7,793.7,785.7
777.6,792.9,797.6,826,812.5
800.1,791.9,778.4,777,787.2
791.7,786.5,792,799.3,796
809.6,792.7,789.6,788.4,793
799.1,794.2,800,815.7,824.8
826.6,843.2,846.4,856.3,860.2
857.4,861.6,876,881.2,889.7
905,887.6,880.5,876.8,871
863.2,880,890.9,910.5,914.5
925,915.3,918.3,903.7,892.5
884.7,887.5,896.4,911.5,917.5
904.2,897.2,904,898.7,900.5
919.6,940.1,942.5,933,931.3
955,954.4,963.5,979.7,963.8
963.9,973.4,972.4,964.7,971.5
973.5,983.7,993,996.4,978.2
938.4,917.7,915.2,927.2,949.6
945.7,921.8,912,871.8,881.2
889.6,898.8,912.3,909.3,904.1
922.4,919.6,915.6,924.3,927.2
938.7,907.2,914.1,916.2,898.8
885.1,878.1,887,869.6,863
849.6,853.3,861.2,872.3,864.8
867.1,883.9,879.2,862.9,862.8
865.8,892,905,919.5,923.2
917.6,916,906.5,900.5,872.1
868.6,881.8,874.6,876,865.4
877.7,890.5,866,869.5,858.2
860.5,871.3,876.3,885.1,888.6
901,879.2,885.5,876.4,909.6
910.7,922.3,938,933.1,915.4
919.2,919.8,928.1,948.2,955
976,960,957.3,956.8,963.5
973,924.2,920.9,921.2,927
916.2,893.3,906.1,902.1,894.4
873.3,875,870.3,851.1,818
803.6,810.9,805,780.9,792
789.6,804.7,825.8,823.1,819.8
826,825.3,824.5,831.7,790.8
791.6,794.9,794,796.4,780
752.8,739,750.5,764,777
782.9,836,860.6,888.8,886
879.5,884.5,884.2,866.4,855
869.2,829.3,823,826,858.2
877.7,883,843,830.3,833.5
831.6,790,773.8,787.5,767.7
721,705,681,712,730.6
750.8,739.1,718.4,728.7,726
739,731.9,727.2,747.9,729.8
722.5,707,726.5,741.9,734
735,739.5,771.2,819.9,818.4
806.8,766,759.7,762.9,761.7
740,754.2,762.3,783.1,801
813.8,824,831.6,849.3,852
833.3,844,835,845.8,875
866.5,868.9,847,840,837.7
837.9,855.9,815.4,815.7,814
805.6,834,824,843.8,846.2
875,901.2,895.2,883.7,874.2
902,902.2,889.8,897,904.4
909.5,891.8,892,912.2,936.4
934.2,937.3,962.2,972,971.6
980,963.2,953.1,933,928.1
924.5,906.4,900.1,908.9,931.8
914.5,892.1,894.1,908,924.4
916.7,912.4,885,933.8,954
937.9,923.3,920.8,937.6,923
908.6,911.6,916.9,894.9,891.3
865.1,872.2,879,874.7,882.5
887.4,888.9,872.8,865,866.1
880.7,883,892.6,906.7,906.3
890.1,887.8,881.3,881.5,885.8
902,901.3,910.4,910.1,913.1
916.1,921.2,922.6,925.2,918.7
926.3,931,937.4,956.9,944
947.2,944,959,973,969.8
961,960.9,954,944.4,948.4
949.2,943.1,935.8,926.9,930.9
930.4,931,932,919,917.3
922.9,932.3,939.6,934.8,925.3
928,926.6,920.2,921.2,905.6
907.2,908.5,908.4,920.2,928.3
934.8,931.8,950.9,945.8,946.4
949.8,950.3,953.3,937.5,927.2
928.4,932,952.4,950.8,959.8
956.5,954.6,943.5,943.1,943
952.3,942.1,931.5,935.5,933.4
940.1,952.6,941.3,943.5,940.3
942.9,948.1,944.8,948.7,954
978.1,985.5,993.2,988.8,987.3
999.7,998.5,994.9,1014.7,1011.6
1009.2,998,1011.5,1008.2,993.9
986.7,991.4,984.7,992.5,998
986.8,1003,1018.3,1038.3,1045.1
1044,1049,1056.5,1057.6,1048
1043.7,1049.2,1054,1047.5,1051.5
1050.2,1039.9,1034.7,1028,1032.4
1035.6,1043.5,1056.8,1082.2,1086
1090.2,1098.6,1098.2,1106.3,1104.3
1105,1127.2,1131.3,1136.5,1135.5
1137.3,1164.3,1167.5,1186.9,1163.7
1176,1196.3,1204.6,1147,1136.3
1125.3,1116.5,1122.2,1110.8,1114.5
1111.9,1122.4,1095.7,1097.8,1090.8
1075,1080,1102.8,1097,1086
1094,1097.1,1115,1120.7,1129.2
1122.7,1143,1127.2,1121,1132.8
1127.2,1130.5,1109.8,1090.2,1083
1095.2,1097.9,1084.4,1073.2,1074.5
1076.8,1100.2,1108.6,1059,1045.2
1061.6,1063.1,1063.3,1075.6,1079.8
1092.4,1108.5,1100.8,1099.7,1110
1102.6,1096.5,1088.7,1106.8,1113.6
1115.7,1133.7,1128.6,1134.8,1123.6
1113.1,1106.9,1108,1099.9,1101.4
1114.5,1118,1121.1,1107.4,1099.3
1103.5,1085.5,1086.7,1104.2,1110.3
1101.1,1102,1111.3,1119.9,1122.7
1132.6,1144,1150.5,1154.6,1145
1151.2,1151,1130.4,1124,1136
1138.4,1133.6,1153.1,1151.4,1148.6
1171.3,1164,1170,1177.3,1168.3
1159.2,1175.9,1194.6,1189.2,1201.5
1227.1,1228.7,1227.4,1225.2,1208.2
1192.6,1179.4,1175.7,1193.8,1195.6
1213.3,1205.4,1201.1,1209.3,1213.2
1201,1196.9,1211,1234.1,1222
1215.1,1218,1217.7,1222.4,1229.3
1233.9,1242.9,1232,1232.1,1226.9
1230.7,1243.7,1238.2,1228.5,1236.7
1204.5,1200.8,1190.5,1198.6,1189.3
1195,1198.5,1205.2,1202.4,1208.1
1188,1180,1191.5,1184.1,1194.4
1187.7,1183,1158,1160.4,1158.7
1166,1174.7,1180,1186.3,1190
1195.3,1199.8,1191,1193,1199
1214.9,1218,1224,1218,1228.8
1223,1222.9,1211.5,1230.7,1235
1236,1234,1233,1243.6,1246.9
1240,1255.5,1254.7,1244.1,1244.5
1245.1,1253.4,1263.5,1268.7,1273.8
1279,1271.8,1290.2,1289.4,1294.2
1296.7,1287.5,1305,1295.7,1309
1312,1312.9,1339,1325.7,1325
1344,1343.6,1355.1,1371.3,1364.7
1358,1328.5,1334.2,1317.5,1319
1333.1,1328.3,1321.1,1325.9,1336.8
1350.7,1355.5,1327.5,1368.6,1378.2
1387.1,1382.9,1384,1397.3,1360.1
1355.3,1329.5,1331.3,1347.7,1344.5
1357.7,1364.5,1377.8,1352.6,1362.8
1382.3,1383.3,1385.1,1410,1398
1372,1380.5,1373.1,1384.5,1391.8
1379.5,1362.5,1365.9,1376.5,1381.5
1385,1373.7,1373.5,1389.8,1402.9
1403.1,1405.7,1413.7,1375.8,1364.2
1368.9,1355.5,1365.7,1373.9,1378
1371.4,1356.7,1359.2,1367,1345
1338.6,1341.8,1323.6,1333,1318.4
1307.7,1323.3,1325.3,1327,1324.9
1345,1343.8,1350,1359.6,1351.7
1355.2,1356.6,1361.6,1370.5,1377
1381.8,1395.1,1397.8,1408.3,1401
1407.7,1415.3,1428.8,1415.9,1416.8
1429.5,1424.3,1426.1,1403.8,1404.9
1420,1385.5,1394.3,1387.7,1406.4
1430.8,1430.4,1432.2,1437.5,1436
1413.2,1416,1412,1420.7,1413
1428.8,1430.3,1452,1453.9,1457.5
1459.7,1444.4,1454,1452.7,1473.2
1477.5,1489,1494,1501.7,1502.8
1495,1505.2,1526.6,1537.3,1543.1
1527.5,1506.2,1471,1472.3,1501.3
1508.4,1495.2,1484.8,1490.2,1489.3
1473,1496.3,1491.5,1488.7,1507
1521.9,1526.1,1519.5,1518.4,1532.4
1529.7,1520,1525,1542,1537.2
1531.3,1534.4,1526.4,1511.3,1513.1
1515,1522,1523,1535.2,1540
1544.4,1514.7,1498.5,1490.7,1496.1
1504.1,1498.8,1480,1490.3,1510.3
1522.7,1526.6,1543.1,1542,1570.8
1583.6,1582.3,1592.8,1583.3,1582.4
1586.6,1588.5,1610,1609.8,1617
1602.8,1610.6,1607,1616.8,1651.6
1640,1642.7,1678.1,1720.1,1741.3
1733.3,1723.8,1730.5,1761.6,1782
1785.5,1823.7,1858.4,1824.6,1753.1
1707.3,1768.5,1786.7,1783.1,1811.4
1814.4,1828.6,1864,1792.8,1835
1830,1806,1808.1,1809,1775.8
1768.5,1788,1776,1782.8,1730.9
1636.3,1562.4,1653.7,1650,1585
1609.4,1627.6,1596.6,1599.6,1637.6
1626.2,1645.6,1657.6,1667.1,1656.2
1665.8,1667.3,1627.5,1641.3,1608.7
1626.1,1646.2,1645,1708.9,1717.8
1733,1717,1682.5,1723.2,1726.6
1754.9,1755.3,1785.7,1774.2,1754.8
1777,1779,1761.3,1757.7,1714
1719,1674.4,1675.4,1681.6,1710.8
1704,1699.9,1734.5,1741.6,1718.7
1703,1720,1705.4,1705.7,1658.5
1628,1565.8,1565.6,1586,1589.7
1596.4,1608.3,1601.9,1604.7,1592.6
1561.3,1525,1547.9,1566,1594.5
1597.8,1616.1,1607.5,1619.9,1633.8
1645.2,1630.4,1642.1,1654,1653.5
1652.8,1669.9,1664.2,1672,1721
1727,1715.7,1725,1734,1742.9
1724.5,1713.3,1713.2,1728.2,1726.1
1706.4,1718.4,1715,1723.6,1707
1718.8,1733.6,1750,1773,1771.3
1768.1,1767.9,1669,1698.6,1705.2
1695.4,1666,1673.1,1686.4,1680.7
1694.9,1685.1,1637.4,1640,1641.3
1652.1,1642,1646.1,1633.8,1646.3
1657.8,1684.4,1657.9,1644.3,1659
1662,1638.7,1612.3,1620.4,1636.5
1636.2,1654.7,1650,1650,1641.2
1637,1638.1,1632,1640.9,1625.1
1634.4,1626.9,1658.3,1654,1653
1661.7,1648.3,1631.3,1629.4,1632.6
1596,1586.3,1592.4,1583.6,1555.5
1542.4,1528.5,1546.9,1568.2,1588.4
1568.4,1534.4,1551.5,1557.3,1548.6
1530.4,1551.8,1545.5,1609,1612.9
1616.5,1581.9,1566.5,1583,1588.5
1608.2,1610.1,1621.5,1615,1622
1601.3,1564.5,1560,1571,1567.7
1563,1548.4,1561.9,1589.7,1598
1578.4,1580.9,1567.6,1575.2,1557.2
1567.8,1585.8,1576.3,1569.9,1578.4
1576.1,1569.8,1574,1583.3,1614.1
1613.4,1613.1,1610,1592,1583.1
1585.1,1603.2,1609.3,1603,1610.1
1605,1607.3,1591.2,1592,1600.2
1611.4,1611.6,1620,1635,1658
1662.2,1663.9,1659.2,1659.8,1650.7
1646.2,1687.7,1690.4,1696.4,1696.7
1727.2,1731.8,1730.5,1728.7,1766
1753.8,1766.3,1768,1760.6,1772.3
1762.1,1763.8,1743,1750.7,1767.5
1763.3,1772.7,1771.9,1783.5,1776.6
1766.8,1762.3,1758.1,1761.6,1753.6
1729.9,1736.6,1746,1740.5,1721
1715,1708.3,1698.6,1711.7,1706.1
1714.4,1714.1,1674.1,1674.3,1690.1
1703.7,1714.2,1727.6,1730.3,1718.5
1722,1706.3,1706.9,1721.8,1722.5
1725.8,1749.4,1742.2,1716.5,1717.7
1708.4,1714.5,1691.6,1685,1686.4
1684,1704.2,1705.9,1708,1689.9
1694.4,1689.5,1661,1664.6,1637.6
1635.8,1654.5,1656.2,1653.7,1655.4
1670,1662,1625.7,1643.8,1647.7
1651.9,1672.5,1654.2,1664.1,1671.6
1674.4,1671,1686.6,1687.8,1685.2
1668,1656.4,1651.6,1660.7,1661.8
1657.4,1659.9,1661.6,1666.5,1668
1663.1,1664.8,1643.7,1642.4,1640.2
1632.7,1599.5,1599.7,1561.8,1555.2
1572.4,1577.7,1589,1591.8,1575.1
1566,1569.7,1571.4,1566.8,1573.9
1561.8,1576,1579.8,1585,1575.7
1590.2,1601.6,1611.3,1606.2,1611.9
1604.1,1596.1,1595.8,1590.3,1593.6
1594.8,1574.1,1549.2,1539.1,1550.1
1567.8,1570,1557,1554.8,1480.2
1338,1323,1370.2,1347.5,1395.1
1406.8,1405.8,1420.4,1433,1451.4
1462.3,1461,1440,1453.5,1461.4
1466.8,1441.2,1450.7,1453,1423
1427.8,1422,1390.1,1370.6,1359.1
1342.9,1358.5,1364.5,1377.8,1386.8
1379.1,1391.3,1388.3,1384.2,1388.3
1389,1395.6,1391.6,1377.9,1375.6
1366,1373.7,1373.4,1377.8,1380
1363,1348.1,1275.4,1268.9,1275.7
1273.2,1228.8,1198.3,1183.2,1234.2
1241.2,1208.9,1215.4,1234.4,1244.6
1278.9,1274.3,1281.6,1279.4,1272.9
1275.2,1290,1317,1327.9,1318.6
1318.5,1321.7,1328.4,1316.2,1304.9
1306.9,1283,1297.5,1279.3,1274
1283.7,1306.7,1317.2,1320.2,1317.7
1319.9,1361,1363.9,1355,1360.9
1362,1373.9,1391.3,1398.7,1417.3
1404.5,1392.3,1382.3,1387.1,1367.1
1368.9,1386.5,1357.6,1356.7,1322.4
1305.3,1310.8,1309.5,1292.1,1362.9
1330.7,1317.6,1309.4,1322.7,1323.6
1319.7,1322,1284.5,1280,1302.5
1305.7,1311.8,1321.2,1295.3,1285
1263.8,1273.9,1254.1,1269.2,1307
1312.6,1315.7,1313.9,1331.9,1334.5
1346.2,1349,1345.2,1335.6,1321.7
1308,1312.1,1306.9,1312.5,1298
1281.3,1281,1271.1,1268.3,1278.1
1281.5,1272.2,1271,1241.9,1236.5
1241.4,1229,1241.4,1235.5,1217.8
1215.6,1212.9,1218.6,1213,1229
1239,1252.1,1225.9,1222.2,1228.9
1231.2,1217,1188.7,1190.9,1195.9
1207.1,1212.9,1194.4,1182,1204.3
1221.7,1221.9,1226.3,1218.6,1225.8
1234,1245.5,1242,1238.1,1239
1239.7,1240,1239,1235.2,1258.3
1254.4,1251,1262.2,1237.5,1238.4
1241.2,1247.8,1253.1,1253.5,1257.9
1265.7,1273.8,1285.5,1287.5,1301.7
1313.9,1309.1,1309.6,1317.4,1321.4
1333.1,1325.6,1324.6,1321.1,1332.9
1332.2,1334.8,1333.3,1329.2,1330.5
1338.1,1348.7,1366.5,1371.1,1372.2
1353.4,1332.7,1325.8,1335.8,1310.5
1307.5,1303.4,1294.7,1285.9,1282.4
1277.3,1280.2,1282.7,1284.4,1296.3
1296.6,1301.1,1311.2,1316.3,1320.1
1291.5,1295,1292.5,1283.8,1276
1282.4,1272.4,1293.8,1293,1289.1
1286.6,1278,1276.7,1305.5,1306.9
1288,1285.5,1287.3,1281.2,1292
1292.8,1292.8,1293.3,1293.7,1290.1
1287.4,1294.2,1291.6,1265.4,1259.3
1250.9,1241.8,1240.9,1240.5,1242.7
1241.2,1246.3,1252.6,1251,1259.1
1260,1271.3,1270.8,1260.9,1267.4
1277.2,1306.8,1312.3,1315.6,1312
1312.4,1313.3,1311.8,1326.2,1326.8
1313.2,1316,1323.8,1328,1336.2
1304.7,1294.1,1296.9,1303.1,1306.2
1311,1306.1,1304.5,1290.6,1294.8
1303.3,1298.3,1291,1280.6,1279.7
1285.9,1282.6,1287.8,1302.5,1308
1305.3,1305.8,1305,1309.7,1292
1295.7,1294,1288.4,1272,1275
1273.7,1281.1,1281.5,1284.3,1284.8
1262.5,1263.1,1260.4,1263.2,1252.7
1246.8,1243.5,1237.4,1227,1226.7
1235.2,1221.9,1216.2,1215.3,1212.4
1221,1216.8,1209.5,1214.1,1214.8
1204,1205.5,1210.3,1191,1182.8
1205.3,1205.3,1223.9,1217,1227
1233.6,1243.7,1236.7,1232.6,1235.4
1251,1244.8,1227.9,1229.4,1227.3
1224.7,1224.3,1195.8,1161.4,1163.1
1165,1137.8,1137.9,1133,1150.7
1151.6,1157.5,1155,1148,1180.6
1193.9,1190.6,1190.7,1189,1195.5
1197.1,1193.7,1141.7,1191.3,1196.1
1201.6,1186.7,1187.2,1202,1226.6
1216.2,1216.2,1198.4,1192.7,1184
1189.7,1195.9,1172.7,1175,1177.2
1181.3,1181.4,1182.7,1169.5,1180.1
1203.5,1210.6,1206.3,1210.3,1219.1
1230.3,1225.6,1227.3,1256.1,1273.8
1286.7,1283.5,1292.6,1279.4,1277.2
1285.9,1251,1257,1266,1255.3
1256.8,1257.8,1228,1235.4,1231.2
1219,1217.9,1222.2,1203,1197.8
1205,1199.1,1191.6,1193.8,1201
1204.8,1204.5,1204.9,1195,1198
1195.9,1163.7,1166.3,1156.5,1147.7
1149.7,1152.6,1150.1,1144.3,1147
1159.3,1171,1181.2,1186,1192.5
1198.2,1196.3,1181.6,1178.2,1181
1194.8,1209.9,1208.2,1197.6,1193
1195.8,1198.3,1184.1,1188.6,1194.6
1200.2,1191,1192.8,1185.2,1186.1
1174.6,1181.4,1199.7,1201.9,1176.7
1170,1177.5,1186.9,1189.9,1179.7
1182.9,1179.3,1189.7,1191,1214.5
1214.8,1222.6,1206,1205.1,1203.7
1204.3,1186,1185.9,1179.6,1185.7
1184.3,1186,1179.1,1173,1164
1169.1,1172.7,1175.6,1174.4,1176.2
1172.7,1175.9,1174.9,1183.4,1199.7
1182.7,1176.2,1170.7,1171.5,1170.5
1173.8,1166.6,1166.6,1155.5,1162.2
1149.5,1146.4,1154.8,1157.5,1151.2
1153,1144.8,1142.9,1130.2,1095.1
1097.1,1086,1087.8,1078.6,1093.9
1096.3,1092.7,1081,1079.1,1085
1080.5,1082.5,1083.6,1081.7,1089.5
1094,1101.5,1113,1112.5,1113.8
1110,1116.8,1132.8,1150.5,1147.5
1134,1119.6,1118.4,1123.6,1124.8
1133.5,1130.8,1120.3,1116.2,1116.4
1102.1,1105.5,1098.2,1104.1,1102.8
1109.8,1117.1,1127.8,1130.8,1122.5
1128.3,1133,1143.4,1132,1124.3
1112.1,1113.3,1105.8,1132.5,1136.3
1143,1138.7,1151.6,1155.9,1154.9
1167.3,1177.8,1176.2,1169.3,1168.7
1164.9,1163.5,1163.3,1163.8,1162
1175.1,1144.9,1139.2,1132.6,1114.2
1106.5,1104.4,1084.8,1087.9,1085
1084.2,1080.8,1080.8,1083.7,1065.1
1064,1077.4,1076.4,1066.8,1073.2
1068.5,1051.1,1052.1,1063.4,1049.6
1046.2,1058.7,1067.4,1069.6,1070.6
1071.7,1064.4,1060,1061.8,1064.3
1050.5,1052.7,1070.2,1073.8,1069.4
1073.5,1070.5,1077.5,1059.7,1058.5
1063.2,1075.3,1081.6,1091.6,1093
1096.5,1084,1081.5,1073.7,1081.8
1084.9,1099.8,1094.1,1097.2,1099.3
1114.3,1115.8,1109.8,1108.8,1115.3
1123,1125,1141,1146,1165
1186.7,1182.1,1204.6,1233.5,1193.6
1196.5,1201.6,1221.8,1203,1207.4
1230,1235,1212.2,1218.6,1229
1226,1238,1250.9,1259.7,1261
1244.8,1237.5,1249.4,1234.5,1228
1228.9,1255.9,1251.5,1243.4,1243.8
1218.6,1214.2,1210,1217.7,1223.4
1224.5,1209.2,1215,1215.4,1217.6
1224.6,1232,1241.5,1253.7,1241.3
1224.5,1225.7,1232.2,1228.8,1243
1247.6,1228,1231.6,1233,1248.6
1238.5,1267.2,1290.4,1284.5,1273
1270.8,1276.9,1262.3,1258.7,1266.9
1264,1264.6,1272.8,1270.8,1256.8
1247.5,1252.4,1247.5,1228.2,1218.6
1220.1,1206.4,1199,1205.4,1209.6
1206.4,1240,1236.5,1247.3,1258.1
1265.3,1273,1277.8,1278.8,1281.1
1280.3,1280.3,1266.3,1264.9,1255.2
1253.7,1320,1314.1,1311.6,1314.5
1321.9,1339.7,1359,1350.5,1335
1353,1330.3,1336.7,1322.7,1322.9
1326.2,1326.4,1315.5,1312.8,1320.4
1313.8,1315.2,1326,1330.1,1325.8
1345.6,1346.6,1353.3,1347,1333.7
1327.8,1328.5,1344.3,1334.8,1333.2
1333.6,1341,1338.6,1348.2,1338.6
1333.3,1334.3,1322.9,1317,1320.1
1315,1308,1306.3,1301.5,1309.2
1323.2,1343.9,1335.7,1328,1319.9
1315,1319.2,1310.8,1305.8,1313.5
1313.7,1324,1338.2,1337.2,1335.2
1325.9,1319.4,1314.7,1312.9,1308.2
1266.3,1261.3,1249.8,1248.9,1253
1251.1,1255,1250.6,1249.9,1260.8
1262.9,1265.5,1265.9,1261.8,1264.1
1264.8,1267.9,1262,1271.5,1279
1288.3,1287.3,1296.7,1278.3,1273.2
1270,1253.3,1210.4,1222.5,1223
1211,1207.2,1209.6,1207.6,1186.8
1177,1188,1179.4,1167.9,1160
1166.4,1157,1167.1,1166.4,1169.1
1156,1153,1155.4,1142,1123.9
1126.9,1137.9,1126.5,1130,1128.3
1130.3,1134.3,1138,1143.6,1150
1146.5,1156.3,1171.5,1171.9,1173
1182.3,1176.5,1192.3,1187.7,1200.8
1203.1,1195.8,1202.8,1210,1207.7
1194.9,1185.6,1187.9,1187.1,1193.5
1197.9,1208.9,1206.2,1218.5,1228.5
1231,1226.9,1221.5,1219,1222.1
1217.3,1233.2,1234.8,1228.1,1231.8
1236.1,1250,1250.4,1247.2,1236.9
1230.7,1222.9,1224.5,1213.7,1206.7
1202.3,1196.2,1202.3,1196.8,1197.7
1222.2,1227.1,1229.3,1226.4,1247.7
1244.8,1247.6,1253.8,1255.3,1252.1
1241.1,1238.7,1243.6,1253,1243
1249,1249.5,1246.8,1254.5,1272
1282,1284.3,1278.6,1274,1276.2
1279.2,1265,1262.1,1262.1,1262.2
1264.7,1253.3,1251.2,1238.7,1224.2
1224.8,1224,1214,1217.3,1218.3
1226.1,1227.5,1230.4,1240.7,1245.8
1252.7,1251.7,1250.6,1249.7,1255.8
1267.6,1258.4,1258.5,1260.8,1259
1277,1279.4,1284.3,1268.1,1264.6
1263.2,1259.7,1256.8,1250.3,1251.3
1241.9,1240.5,1240,1246.3,1249.8
1241.6,1245.9,1248,1238.1,1239.1
1217.1,1222.2,1208.6,1209.6,1208.7
1217.9,1216.3,1214.8,1229.9,1236.2
1240.1,1236.6,1250.5,1253.9,1249.2
1244.8,1259.6,1256.9,1265.8,1262
1262.9,1256.6,1253.9,1255.3,1251.4
1260.2,1274.9,1282,1278.8,1267.4
1269.4,1283.2,1284.3,1284.7,1283.2
1286.9,1284,1280.3,1293.5,1313.1
1304.9,1301.7,1316.9,1328.6,1332.6
1336.4,1345.6,1327.3,1325.2,1323.4
1319.6,1319.8,1306,1305.1,1298.7
1290.3,1293.3,1291,1297,1283.4
1277,1281.5,1270.4,1268.6,1270
1267.6,1260.5,1279,1281.7,1284.9
1289.3,1291.7,1291.9,1283,1279.9
1285.1,1277.4,1271.5,1273.7,1269.9
1264.7,1267.1,1267.9,1266.1,1270.3
1274.9,1265.3,1269,1270.4,1274.7
1279.7,1272.4,1277,1276.9,1275.9
1277.4,1288.3,1274.6,1281.1,1282.9
1293.8,1294.7,1281.1,1269.7,1271
1270.3,1260,1261.6,1243.9,1241.5
1239.9,1236.5,1239.8,1250.3,1253.1
1255.7,1259.5,1261.3,1264.3,1266.3
1281.8,1284,1288.2,1294,1302.3
1312.1,1319.4,1320.3,1314.6,1309.6
1315.3,1316.3,1327.8,1331,1326.8
1326,1330.1,1328.4,1335.7,1355.9
1346.7,1350.9,1332.8,1331.8,1336.8
1327.7,1329,1319.5,1310.5,1307
1311.9,1318,1323.4,1324,1349.7
1344.9,1328.5,1324.4,1322,1327.7
1330.7,1312.7,1315.4,1301.8,1314.3
1318.1,1321.4,1326,1319.3,1313
1319.4,1325.3,1322.2,1316.8,1310.1
1307.3,1311.1,1312.4,1326.6,1343.2
1345.1,1341,1322.4,1321.7,1324.7
1328.5,1331.6,1322.6,1319,1327
1333,1340.1,1334.6,1335.9,1341
1339,1343.5,1341.6,1335.3,1322.5
1326.2,1320,1315.7,1312.8,1309.6
1303.4,1302.6,1310.7,1312.7,1310.2
1308.5,1311.3,1312.2,1319,1316.5
1288.9,1285.4,1288.2,1285.2,1287.4
1291.7,1289.3,1303.7,1303.3,1298.7
1295.2,1296.6,1288.9,1290,1289.9
1294.1,1296.2,1294.8,1295.2,1292.7
1290.9,1297.2,1274,1276.2,1269.9
1271.2,1260,1267,1265.6,1256.6
1252.3,1244.8,1249.1,1239.8,1253.6
1254.3,1257.7,1249.3,1242.8,1240.9
1239.6,1238.1,1225.7,1222.2,1211.7
1229.5,1222,1223.9,1231.4,1225.3
1222.6,1218.1,1213,1214.4,1205.8
1205.1,1206.6,1207.8,1205.9,1211.6
1205.6,1191.3,1192.8,1174.6,1161.4
1174.7,1184.4,1189.8,1194.7,1184.9
1185.3,1205.2,1202.3,1202.4,1196
1199.1,1189.9,1192.5,1197.9,1193.1
1193,1190.4,1204.7,1200,1195
1199.7,1196.8,1202.2,1206.2,1196.2
1199.3,1200,1194,1180.5,1180
1185.8,1190.3,1196.6,1197.2,1196.9
1183.7,1185.6,1189.3,1196.3,1216
1222.4,1227.1,1223.7,1226.5,1225.3
1219.6,1224.8,1227.8,1229.1,1232.5
1224.5,1219.8,1212,1215.4,1230.9
1226.7,1223.8,1226.2,1222.9,1206.4
1201.3,1196.3,1207.9,1212.8,1216.7
1223.1,1219,1225.8,1220.2,1211.2
1211.5,1220.5,1216.1,1221.3,1230.4
1234.8,1237.6,1241.7,1241.5,1244.1
1241,1234.1,1239.3,1245.6,1252.1
1243.2,1253.8,1269.2,1276.7,1273.5
1277.6,1277.6,1286.7,1275.3,1286.6
1278.2,1279.2,1284.7,1286.3,1289.1
1286.2,1291.6,1288.5,1281.3,1282.5
1278.7,1278.5,1297.4,1298.4,1308.2
1308.1,1316.7,1315.4,1308.3,1311
1305,1302.2,1307.8,1304.7,1307.6
1308.1,1301.6,1313.6,1320.5,1338
1320.9,1321,1325.6,1323.3,1316.5
1311.5,1288.9,1281.9,1282,1282.6
1281,1291.6,1288.8,1294.7,1307.5
1293.4,1300.5,1297.3,1304.8,1300.5
1306.1,1311.6,1320.7,1314.3,1309.9
1287.7,1286.1,1285.7,1284.5,1287.5
1279.5,1283.6,1291.8,1298.5,1301.5
1288.6,1289.2,1282.3,1272.2,1271.6
1270.1,1273.5,1266,1267.8,1275.8
1284.9,1277.1,1280.8,1278.7,1266.6
1270.1,1280.3,1280.5,1279.4,1278.8
1283.3,1281.8,1294.7,1296,1285
1274.5,1276.1,1272,1273.6,1284.8
1283,1276.5,1280.6,1273.9,1287.5
1307,1320.8,1326.3,1326.2,1329.8
1324.1,1319.1,1326.9,1331.6,1339.3
1335,1341.6,1344,1379.5,1390.3
1402.1,1414.9,1405.8,1399.8,1408.3
1382.8,1390.8,1390.2,1393.6,1386.2
1409.9,1404.3,1405.6,1411.4,1405
1404.6,1419.5,1425.1,1424,1416.3
1422.8,1413.9,1418.5,1419.6,1422.1
1411.2,1400.9,1432.3,1440.4,1457.7
1473.2,1492,1495.6,1488.1,1483.7
1497,1510.6,1504.7,1492.9,1497.5
1498.8,1493.8,1493.5,1524.3,1528.5
1537.8,1519.6,1516.7,1521,1534.8
1511.1,1504.5,1498,1486.9,1490.2
1498.7,1486.9,1496.9,1497.9,1489.3
1496.1,1503,1515.5,1515.1,1504.6
1507.5,1485.6,1463.5,1458.3,1474.1
1496.6,1497.1,1489.1,1489.3,1498.4
1490.6,1476.9,1481.3,1476.6,1480
1485.8,1486.6,1481.5,1481.7,1486.4
1485.9,1499,1490,1485.9,1481
1496.1,1503,1508,1480.8,1483.2
1464.2,1461.3,1449.3,1447.1,1456.8
1463.7,1467.3,1469.7,1467.7,1467.3
1463.1,1463.1,1455.5,1459.8,1452
1453.3,1459.5,1471.2,1472.3,1458.2
1458.6,1460.7,1463.1,1463.7,1463.1
1473.8,1474,1472.6,1473.3,1474.7
1479.9,1505,1513.8,1510,1513.8
1518,1530.1,1562.3,1560.4,1558.3
1552.3,1543.3,1545.4,1558.9,1548.4
1534.9,1545.6,1548.5,1553.6,1555.9
1551,1549.8,1552.2,1556.3,1578.7
1576.8,1569.2,1569.8,1571.4,1570
1588.6,1568.2,1547.8,1547.7,1551.6
1560.5,1569.3,1568.6,1561.9,1561
1570.2,1574.8,1583.3,1579.8,1599.7
1603,1619.3,1654.6,1650,1632.3
1636.4,1636.7,1564,1576.3,1585.9
1632.6,1635.6,1642.4,1658,1641.1
1632.4,1560.4,1504,1450.9,1465.6
1473.3,1460.1,1457.5,1484.6,1488.2
1578.8,1615.2,1611,1611.4,1634.4
1607.2,1570,1571.5,1586,1619.8
1626.5,1672,1662.5,1682.4,1731.8
1730.1,1736,1724,1715,1686.5
1686.2,1680,1659.9,1695.4,1735.5
1725.4,1737.1,1717,1704.1,1708.2
1687.5,1676,1700.3,1700.3,1695.4
1683.3,1686.8,1703.1,1703.9,1692.1
1700.4,1701.6,1716,1736.8,1755.2
1729.3,1727.2,1744,1715.3,1726
1729.6,1718,1700,1684.2,1707.4
1717.2,1740.4,1737.6,1728,1690.3
1699.6,1671.7,635.2,627.1,623.9
604.9,607.5,613.1,611.6,612.4
625.5,624.6,632.1,627.1,635.5
633.3,645.2,647.6,647.8,644.5
643.1,644.2,652,657.4,646.2
650.9,653.6,652.3,658,667.5
662.6,663.9,667.4,667.3,668.8
657.1,680.2,679.4,683.1,686.5
683.9,669.4,662.3,641.5,636.7
643.8,650.6,653.4,650,648.4
647.6,640.9,645.7,652.6,653.1
657.9,659,663.4,656.7,663.4
662.1,666.5,661.5,663,665.7
664,672.1,674.2,671.9,676.5
676.8,675.1,685.4,690.1,688.2
689.1,684.3,692,690.6,684.2
684.1,674.9,678.7,680.5,674.4
672.3,681.8,687.2,688,685.1
680.3,665.1,670.6,668.5,673
660.2,656.2,661,662.9,659.1
661.9,653,655.1,657.1,653.1
661,671.2,670.7,669.6,669.3
660.1,645.5,654.3,648.5,648.2
651.6,654.5,655.8,660.7,656.1
650.6,653.5,651.3,642.1,641.7
647.5,648.1,656.5,648.4,652.7
660.5,662.5,660.3,666.7,665.8
665,664.7,672.6,677.2,683.9
680.8,684.2,673.3,662.5,660
664.1,666.9,663.6,664.6,672.5
671.5,670.6,674.5,661.4,670.3
669.7,668.6,668.9,648.3,656.9
656.7,656.7,659.1,658.9,668
666.8,664.4,666.3,665,673
682.5,681.7,695.6,700.8,703.3
712.2,711.9,709.5,709.6,715.8
715.8,722,732.4,731.4,732.1
731.6,728.3,732.7,742.8,747.2
729.8,729.3,737.8,741.3,732.8
737.4,740.4,751.3,748.7,757.1
757,757.5,764.1,764,755.8
759,761.6,767.3,783.9,789.1
784.3,792,790.7,805.7,808.1
820.8,831,835.2,832.5,805.8
797.2,813,785.9,785.7,776.8
790.3,797.6,826,813.7,800.1
795.3,782.2,788.3,801.3,797.5
801.2,794.4,807.7,811.4,813.5
799,793.3,794.8,803,801.1
799.2,811.6,826,828.6,839.6
834.9,857,866.4,863.1,859.6
878,879.5,891.7,896.1,901.6
901,880.6,879.5,880.8,889.6
882.5,905.5,910.5,927.1,925.1
920.6,922.7,908.7,904.9,885.9
900.7,906.1,918.4,922.9,907.4
906.5,907.4,902.8,926.6,934.6
946.1,944.7,937.6,946.1,958.2
964.5,972.1,981.5,963.9,986.2
975,972.2,969.9,974.2,978.8
992.3,998.2,1001.4,1003.2,944.7
919.6,918.3,934.6,949,948.8
930.6,916.2,882.9,895.2,905
909,922.7,914,933.6,928.3
923.6,925.4,928.7,945.1,939.8
912.2,914.7,922.3,906.2,886.8
887.2,892.9,874.2,862.8,848.9
856.1,872.3,876,869.6,880.6
884.5,883.7,868.5,865.4,879
899,905,919.5,928,917.9
925.6,907.7,900.5,877.2,887.3
892.9,881.6,879.9,871.8,895.4
894.7,867.9,879.7,869.2,870.3
883.6,884.3,890.9,901.7,901.3
884.8,889.2,880,913.1,929.3
926.2,942.5,944.8,927.3,921.9
927.3,940.9,959.5,972.7,977.7
961.8,970,957.3,963.1,948
922.4,922,926.6,927.6,916.4
902.9,913.9,909,900.1,878.6
875.6,870.7,857.8,821.5,808.2
825,808.2,786,799.7,811.1
810.3,833,827.4,819.8,822.2
828.1,830.9,829.3,805,802.7
797.9,797.6,797.5,787.1,757.9
741.3,760.3,783.1,776.5,846.6
892.7,860.6,903.9,885.5,889
877.7,882.9,888.2,874.2,880.7
839,828.9,862.7,878.4,903.1
883.1,855.4,838.9,836.3,835.5
801.5,785.1,787.6,766.1,733.3
713.3,729.1,741.7,739.3,752.8
737.2,716.8,725.4,756,741.3
731.2,733.2,745.6,732,717.7
704.9,742.4,741.9,732.6,735.9
748.6,791.7,819.4,818.4,808.5
774.6,781.3,768.8,763.8,750.5
767.4,772.4,807.1,824.9,818.9
835.4,841.7,867.5,859.6,836.4
846.2,837.2,870.4,874.6,869.3
878.8,857.2,865.4,841.1,853.9
854.3,820.3,820.1,808.2,806.7
839.3,854.6,849.6,858.2,895.3
908.5,899.2,888.1,905.1,927.3
906.7,892,901.6,913.6,913.9
892.4,913.7,943.8,948.5,941.5
967,977.7,976.1,1001.8,994.6
969.1,965.7,941.8,941.5,939
912.9,906,927,942.1,917.7
895.6,910.4,923.7,929.8,921.6
916.4,888.7,958.3,955.8,952.1
923.3,935.4,939.6,923,915.5
922.6,926.1,907.4,895.6,871.5
882.2,884.8,882.2,894.7,890.9
892.8,879.3,867.4,887,882.1
891.8,905.9,913.6,907.4,892.8
899.8,890.7,887.6,901.6,903.7
910.5,915,914.4,913,923.5
925.5,928,930.9,921.3,926.3
937,950.8,958.5,953.1,953.2
961.5,978.8,978.6,983.2,964.5
981.2,961.7,951.7,954,954
961.3,940.1,926.9,931.6,935.4
934,935.6,920.6,923.9,934.1
939.1,940.7,940.4,927.1,941
930.7,924,928.8,909,915.9
912.2,922.2,922.5,939.1,935.1
937.2,948.5,946.6,953,954.5
952.8,953.3,939,927.2,934.9
953.7,956.6,967.5,964.2,960.7
957.3,945,945.8,950.7,954.7
947,934.3,937.7,943.3,940.3
953.2,942.3,944.5,944.3,945.5
957,951.7,954.7,976.6,995.8
994.9,997.9,995.3,995.4,1004.9
999.9,1005,1018.9,1012.3,1009.2
1003.7,1014.2,1013,997.5,990.2
992.5,993.1,1008,999.5,1003.2
1016.7,1038.6,1043.3,1055.4,1047.8
1056.7,1064.2,1063.9,1049.8,1050.7
1057.3,1057.8,1063.7,1057.8,1055.6
1042.1,1034.7,1029.9,1046.4,1039.7
1053.4,1084.3,1086.7,1088.7,1095.1
1100.8,1101.9,1114,1106,1116.1
1138.6,1138.8,1140.7,1141.4,1146.4
1164.3,1165.5,1186.9,1181.1,1199.1
1212,1217.4,1168.8,1163.4,1142.8
1120.4,1125.7,1119.4,1123.3,1122.4
1135.5,1106.8,1110.8,1095.4,1086
1093.3,1107.2,1097,1091.5,1095.2
1117.7,1118.1,1135.9,1133.1,1138.2
1150.7,1128.9,1136.4,1142.6,1130.1
1139.7,1112.3,1102.7,1089.2,1095.2
1097.9,1084.4,1083.6,1083,1104.3
1117.4,1111.4,1062.4,1052.2,1065.7
1076.7,1075.8,1094.2,1089.5,1119.3
1119.5,1118,1121.3,1112.6,1102.7
1096.5,1107.8,1118.3,1117.8,1136.9
1142.7,1132.6,1134.8,1123.6,1122
1107.8,1108,1101.5,1105.1,1122.2
1124,1127.4,1107.4,1099.3,1103.5
1088.6,1092.7,1104.2,1110.3,1104.5
1113.3,1125.1,1132.9,1135.1,1152.3
1152.2,1161.1,1161.6,1152.8,1159
1159.7,1136.3,1135.2,1138.6,1148.2
1142.3,1153.1,1153.5,1161.7,1171.3
1168.4,1180.1,1182.7,1168.6,1174.6
1196.9,1210,1200.4,1219.9,1242.7
1228.8,1227.4,1227.7,1214.3,1192.6
1187.8,1175.7,1193.8,1197.8,1213.3
1211.9,1212.2,1224.8,1220.6,1208.3
1216.2,1239.3,1244,1228.5,1220.8
1228.9,1223.3,1233.2,1229.3,1247.5
1257.2,1239.7,1239.9,1234.1,1245.5
1255.8,1238.2,1242,1245.5,1206.3
1207.4,1194.8,1198.6,1195.8,1209.6
1198.5,1213.3,1206.8,1208.1,1188
1181.7,1191.5,1191.6,1195.5,1187.7
1183,1158,1160.4,1168.4,1181.7
1183.4,1185.2,1193.7,1197.2,1203.4
1200.7,1196.2,1197.5,1214.8,1214.9
1224.5,1226.6,1229.7,1233.8,1227.2
1226.9,1231.8,1239.5,1235.4,1236
1237.1,1248.3,1246.3,1251.5,1249.2
1257.3,1255.6,1248.9,1244.5,1245.1
1269.7,1266.7,1271.9,1275.6,1279
1272.4,1290.2,1294.3,1296,1296.7
1306.6,1308.5,1307.8,1316.1,1315.4
1338.9,1346.4,1333.9,1344.2,1353.3
1345.7,1369.5,1376.7,1371.1,1371.2
1335.1,1343.3,1324.7,1324.4,1338.3
1338,1322.2,1342.1,1357.1,1350.2
1356.4,1337.1,1382.7,1397.3,1402.8
1409.8,1399.1,1403.1,1365.4,1368.4
1338.3,1336.8,1352.9,1352.2,1357.7
1377.5,1372.9,1366,1385,1387.3
1388.5,1405.4,1415.3,1408.3,1382.5
1392.1,1384.3,1397.3,1403.6,1385.5
1370.4,1378.6,1385.5,1388.2,1386.8
1380,1382.4,1405.2,1413.1,1405.6
1421.1,1422.6,1378.5,1373.4,1371.4
1368.5,1373.7,1384,1385.7,1386.9
1360.4,1368.1,1370.2,1346.5,1341
1344.5,1332.3,1333,1318.4,1340.7
1333.8,1339.6,1331.5,1352.3,1348.3
1347.6,1363.4,1364.8,1361.9,1359.9
1364.6,1373.6,1374.7,1384.7,1388.2
1400.5,1413.4,1415.3,1408.7,1409.3
1430.7,1437.2,1416,1428.2,1434.1
1426.9,1429.3,1412.2,1421.5,1424.6
1392.6,1396,1404,1415.9,1426.2
1427.5,1437.9,1434.8,1426.1,1419.8
1416,1423.8,1438.9,1428.1,1432.2
1451.8,1457.7,1458.5,1473.4,1467.4
1452.9,1454.9,1471.7,1485.3,1492.3
1494.5,1498.3,1503.2,1508.6,1503
1516.7,1530.8,1556,1556.7,1540.1
1514.9,1480.9,1491.2,1502.9,1516.6
1501.1,1506.6,1493.4,1490.4,1479.8
1495.6,1492.2,1508.8,1515.3,1523.2
1526.6,1522.8,1536.3,1535.9,1542.4
1532,1541.7,1546.5,1543.3,1538.1
1542.1,1528.6,1515,1523.8,1525.6
1529.3,1538.6,1541.5,1546,1552.9
1520.1,1500.5,1496,1499.7,1509.9
1502.3,1482.3,1512.3,1528.7,1530.2
1541.2,1548.8,1561.9,1585.2,1589
1589.8,1602.1,1600.9,1596.7,1586.8
1601.3,1612,1616.6,1615,1613.4
1628.3,1619,1641.9,1663.4,1656.2
1648.8,1710.2,1740,1781.3,1748.8
1740.2,1755.5,1782.4,1791.2,1818.9
1848.9,1888.7,1858.3,1754.1,1759.8
1794.1,1788.4,1826.7,1828.5,1826
1873.7,1869.9,1814.2,1854.4,1856.4
1809.9,1826.8,1823.5,1778.5,1812.1
1776.4,1806.6,1805.5,1739.2,1637.5
1592.5,1650.6,1616.3,1615.5,1620.4
1656,1614.7,1640.3,1651.9,1634.5
1669.6,1659.7,1681.3,1667.3,1681.8
1675.5,1651.7,1646,1611.9,1635.1
1651.5,1699.6,1722.7,1746.7,1746.2
1724.2,1711,1728.7,1764.2,1755.3
1790.3,1798.4,1790.9,1758.9,1787.5
1777.8,1781.7,1773.8,1719.8,1724.7
1678.3,1702.2,1695.7,1710.8,1713.4
1745.5,1735.3,1747,1730.7,1727.9
1740.9,1709.8,1712.8,1664.2,1659.9
1584.3,1574.6,1595.6,1594.4,1615.6
1611.9,1608.9,1604.7,1594.2,1562.9
1539.9,1565.8,1599.7,1611.9,1619.4
1616.1,1607.5,1631,1639.2,1647.3
1630.4,1655.2,1659.5,1654.1,1663.7
1678,1664.2,1699.8,1726.3,1731.8
1731,1737.8,1747.1,1756.8,1737.9
1722.8,1746.4,1729.3,1739,1723.3
1723,1715.9,1726.3,1726.8,1724.5
1757.1,1770,1784.9,1775.1,1773.6
1787,1709.9,1721.1,1708.8,1703
1671.4,1683.3,1698.1,1710.9,1699.2
1693.7,1642.5,1659.1,1655.5,1666.9
1646.7,1650,1642.3,1662.3,1685.5
1684.8,1657.9,1652.2,1669.3,1677.5
1670,1612.3,1628.5,1642.5,1659.5
1659,1679.5,1659.1,1648.7,1650.3
1638.8,1640.6,1642.1,1631.9,1643
1641.4,1659.6,1664,1663.4,1661.7
1653.4,1634.2,1644.7,1638.6,1604
1593.7,1595.1,1583.6,1560.6,1556.8
1536.2,1574.5,1591.6,1588.4,1576.3
1548.1,1557.3,1568.8,1548.6,1563.4
1562.6,1620.5,1612.2,1615.2,1632.8
1586.6,1590.1,1595.5,1612.7,1618.1
1618.4,1627,1625.7,1622.2,1614.8
1564.5,1566,1587.5,1574,1577.5
1549.7,1603.5,1597.2,1608.9,1578.4
1588.6,1579.3,1575.2,1564.9,1591.6
1591.2,1589.1,1570.4,1580.1,1582.5
1577.1,1576,1608,1615,1617.9
1619.7,1610.5,1603.7,1587.4,1606
1612.9,1609.7,1612.9,1617.1,1619.7
1609.6,1599.4,1603.7,1616.1,1616.3
1620.1,1639.9,1637.4,1669.6,1669.8
1672.4,1666.5,1659.8,1653.5,1684.6
1692.9,1690.8,1702.6,1737.5,1728.7
1731.8,1730.6,1769.1,1769.8,1767.7
1768.4,1769,1767.7,1775.5,1762.1
1763.8,1750.6,1777.6,1771.1,1780.5
1772.7,1777.3,1794.1,1778.6,1773.5
1763,1763.2,1768.8,1758,1736
1744.7,1751.5,1743.3,1722.8,1725.1
1708.3,1700.5,1712,1710.9,1717.5
1714.1,1674.1,1682.2,1714.1,1713.2
1725.4,1730.3,1730.3,1724.2,1729.5
1713.3,1714.3,1734,1723.2,1727.9
1749.5,1742.2,1716.5,1727.2,1710.9
1719.6,1694.4,1692.4,1700.3,1704
1713,1708.2,1716.6,1695.6,1695.8
1697,1669.5,1666.5,1644.9,1659.1
1659.8,1662.6,1654.9,1674.8,1687.9
1673.7,1648.1,1645.5,1661.5,1654.8
1677.3,1660,1668.9,1683.4,1682.7
1690.4,1686.6,1692.8,1686.3,1669.5
1656.4,1652.4,1660.7,1679.9,1660.6
1669.4,1675.3,1672.4,1677.7,1670.4
1666,1648.2,1648.7,1644.2,1634.7
1608.8,1603.6,1577.6,1578.2,1572.4
1586.2,1615.2,1595.2,1577.7,1571.9
1572.1,1574.6,1574.6,1574.8,1576.6
1577.8,1591.5,1588.3,1590.6,1592.5
1604.6,1611.3,1607.5,1613.8,1606.2
1604.6,1595.8,1606.2,1594.8,1600
1575.1,1552.8,1551.8,1575.4,1572
1586.2,1558.3,1564.3,1501,1360.6
1386.8,1382.2,1392,1395.3,1421
1408.6,1423.4,1461.8,1453.6,1467.4
1472.2,1446.3,1467.7,1464.3,1468.1
1449,1473.9,1468.8,1436.8,1434.5
1424.7,1396.5,1387.1,1364.9,1384.3
1377.8,1367.6,1392,1386.8,1379.1
1391.3,1411.5,1392.6,1411.7,1397.1
1398.4,1415.7,1383,1386.2,1377
1391.8,1377.6,1387.3,1382.8,1366.6
1373.6,1285.9,1291.6,1276.8,1274.8
1229.6,1211.4,1223.8,1255.9,1243.6
1212.9,1234.9,1245.9,1247.4,1280.1
1277.8,1283.8,1290.8,1277.9,1284.6
1293.3,1336.4,1335.1,1319.7,1329
1321.7,1328.4,1324,1312.4,1311
1310.6,1302.6,1283.2,1286.1,1310.7
1312.9,1334.7,1321.2,1334,1361.6
1371.7,1366.2,1373.1,1370.6,1371.2
1395.7,1393,1420.6,1419,1412.9
1396.1,1412,1389.9,1373.1,1386.7
1386.8,1364.1,1363.9,1330.4,1308.4
1317.9,1309.5,1307.8,1369.4,1332.5
1326.9,1316,1335.9,1323.6,1338.4
1326.5,1286,1320.6,1317.4,1309.7
1324.8,1324.2,1306.9,1296.6,1268
1276.4,1273,1282,1322.7,1314.4
1315.7,1342.5,1333.9,1350.2,1352.4
1352,1345.2,1349,1323.6,1313.1
1314.6,1308,1317.7,1308.4,1284.5
1281,1271.1,1268.3,1286.2,1287.3
1272.2,1273.4,1257.9,1243.5,1244
1241.1,1241.4,1237.8,1222.3,1221.7
1248.2,1233.2,1230.3,1235.3,1262.4
1258.5,1226,1235.7,1245.5,1231.2
1236.1,1195,1205.1,1198.4,1214.1
1216.1,1203.1,1201.9,1225,1238.4
1237.8,1229.4,1225.3,1229.3,1246.7
1250.9,1245.2,1238.1,1240,1251.7
1242.3,1239,1262.6,1264.5,1263.6
1251,1262.2,1242.2,1240.1,1260.4
1251.7,1257.3,1257.6,1263.3,1274.8
1290.1,1295.3,1300.4,1319,1324.7
1320.6,1317.1,1323.9,1338.3,1343
1328.2,1331.6,1321.4,1350.1,1337.8
1340.2,1351.7,1338.1,1341.4,1346.5
1370.3,1372.2,1379,1372.9,1359
1341.4,1330.5,1336,1311.2,1311.4
1303.4,1294.7,1293.8,1283.4,1279.6
1290.5,1284.4,1303.2,1298,1308.7
1305.5,1320.1,1318.7,1327.2,1300
1303.1,1293.4,1288,1280.6,1284.2
1290.5,1300.7,1298.9,1296,1295.6
1283.1,1302.6,1309,1308.3,1288.6
1287.4,1287.3,1295.6,1294.6,1305.7
1293.5,1293.3,1293.7,1294.5,1288
1294.9,1291.6,1265.4,1259.3,1256.3
1245.6,1243.7,1244.3,1244,1253
1252.1,1253.5,1259.8,1260.8,1273.6
1273.7,1274.9,1271.7,1272.4,1313.7
1316.2,1318,1320.9,1322.2,1316.1
1319,1321.8,1326.4,1330.7,1316.5
1316,1323.8,1338.7,1337,1306.3
1296.9,1299.6,1316.7,1309.2,1313.7
1306.1,1304.5,1290.6,1303.1,1303.3
1298.3,1294.9,1281.3,1293.6,1287.7
1284,1306.7,1310.8,1308.9,1308.5
1308.8,1312.8,1313.9,1304.5,1297.7
1295.1,1293.4,1273.7,1278.6,1277.3
1283.8,1281.9,1288.7,1285.8,1263.7
1268.9,1265.1,1265.8,1252.7,1246.8
1243.5,1237.4,1229.9,1233.6,1235.2
1234.4,1225.7,1215.3,1216.8,1221
1218.6,1221.2,1214.1,1217.5,1210.5
1214.6,1214.2,1192.2,1206.7,1211.7
1205.3,1224.6,1221,1229.3,1233.6
1244.1,1240.5,1238.3,1244,1251
1244.8,1228.5,1231.2,1229.1,1229.2
1224.3,1198.1,1171.1,1169.4,1167.4
1145.4,1142.3,1169.6,1159.6,1162.8
1158.9,1161.1,1185,1183,1196.7
1193.6,1190.7,1197.5,1195.5,1197.1
1196.6,1218,1199.2,1208.5,1207.5
1190.1,1194.7,1231.5,1228.9,1225.1
1222,1207.2,1193.9,1194.3,1194.7
1195.9,1179.7,1177.9,1195.3,1181.7
1200.2,1183.9,1186,1203.9,1219.3
1210.6,1208.4,1216,1232.7,1234.3
1234.4,1264.7,1276.9,1294.2,1293.7
1300.7,1292.6,1279.4,1291.7,1285.9
1254.6,1278.5,1276.2,1259.7,1263.8
1262,1233.9,1240.8,1231.6,1219
1220.1,1226.5,1208.1,1199.7,1207.1
1204.4,1200.3,1196.9,1201,1209.6
1212.6,1207.7,1204,1200.6,1195.9
1164.1,1166.4,1160.1,1150.7,1152.1
1152.6,1153.3,1148.3,1151.4,1169.1
1184.8,1188,1191.7,1197.3,1205.1
1199.8,1184.8,1183.1,1208.1,1200.9
1218.6,1210.6,1203.1,1193.6,1204.6
1199.3,1192.8,1201.5,1198,1202.9
1193.5,1202.9,1186.9,1194.4,1175.2
1203.3,1214,1209.8,1182.4,1174.5
1186.8,1193.2,1190.3,1182.4,1189.1
1183.2,1192.6,1218.4,1225.4,1225.5
1227.8,1206.9,1208.9,1204.4,1204.3
1187.2,1185.9,1188.1,1189.4,1188.3
1194.1,1184.7,1174.9,1167.8,1173.2
1177.3,1186.1,1179.9,1178.8,1185.3
1180.5,1176.4,1201.5,1201.5,1183.7
1176.2,1172.6,1171.5,1172.9,1178.5
1171.5,1169,1163,1172.9,1152.4
1163.3,1159,1157.7,1155.2,1153.3
1147.2,1143.8,1131.8,1106.7,1103.4
1091.4,1094,1085.6,1096.5,1096.3
1092.7,1088.4,1094.9,1089.4,1090.7
1085.7,1090.2,1094.1,1104.2,1107.6
1123.2,1115.7,1112.9,1118.6,1117.1
1128.1,1153,1159.6,1153.4,1138.2
1124.6,1122.4,1133.1,1131.6,1138.7
1132.5,1123.7,1120.6,1120.4,1102.2
1109.5,1103.5,1107.7,1102.8,1119.2
1117.3,1138.1,1133.1,1125,1131.6
1153.8,1146,1132,1127.1,1115.5
1114.2,1137.1,1138.1,1146.8,1149
1144.7,1156.3,1164.9,1165.8,1180.1
1187.9,1183.6,1173.3,1178,1167.6
1166.6,1163.3,1167,1166.8,1177.1
1147.2,1141.5,1135.8,1114.2,1106.5
1104.4,1087.6,1087.9,1088.2,1084.7
1080.8,1080.8,1083.7,1068.7,1068.8
1078,1076.4,1066.8,1074.3,1070.5
1056.2,1065.8,1063.8,1054.2,1061.7
1084.5,1076.4,1076.3,1077.6,1073.1
1076.9,1064.7,1062.9,1078,1050.8
1066.2,1081.9,1074.8,1069.4,1077.2
1070.5,1077.5,1060.1,1060.3,1075.1
1078.4,1091.9,1107.7,1097.8,1096.5
1085.6,1087.5,1073.9,1091.5,1089.9
1107.1,1099.1,1097.2,1106.2,1121.7
1116.1,1115.6,1116.4,1127.9,1127.3
1141.3,1157.6,1157.8,1197.9,1198.7
1194.7,1247.9,1239.1,1207.9,1211.1
1226.1,1230.4,1209.5,1222.3,1238.7
1238.2,1219.8,1233.9,1230.3,1241.1
1257.4,1269.9,1263.2,1262.1,1256.6
1272,1258.7,1244.4,1230.4,1229.3
1264.5,1253.8,1243.8,1248.2,1223.7
1221.4,1219.9,1235.6,1226.9,1234.2
1222.2,1218,1228.4,1222.5,1236.2
1242.5,1256.7,1259.4,1246.8,1225
1233.1,1233.6,1253,1253.2,1249
1228.7,1238.9,1242.2,1249.2,1265.5
1289.2,1294.7,1290.7,1273.3,1271.4
1292.9,1265.6,1263.9,1274.6,1270.3
1271.9,1273.4,1276.2,1273.7,1254.2
1252.4,1251.1,1228.9,1223.5,1220.1
1213.8,1214.8,1211.9,1209.8,1240.1
1244.6,1244.4,1259.8,1270.2,1273.4
1284.4,1285.6,1285.8,1296.1,1292.5
1290,1270.5,1268,1261.2,1320
1322.5,1315.3,1323.9,1318.4,1336.7
1356.4,1364.9,1360.1,1356.6,1355
1334.1,1342.4,1331.3,1326.5,1328.4
1331.5,1318.8,1330.5,1323.1,1319.3
1320.7,1326.6,1332.3,1349,1351.4
1364.4,1356.1,1358.8,1336.4,1333.4
1339,1344.3,1342.5,1335.8,1340.3
1350.5,1342.7,1351.2,1340.4,1337.7
1340.6,1324.4,1320.1,1321.5,1322.9
1311.7,1306.9,1312.2,1322.1,1349.4
1344.3,1336.8,1330.1,1321,1319
1321.5,1313.5,1305.8,1313.5,1313.7
1326.9,1340.4,1337.2,1339.7,1325.9
1319.4,1321.7,1313.3,1309,1266.3
1265.2,1249.8,1248.9,1253,1251.1
1255,1253.1,1254.4,1260.8,1267.9
1265.6,1265.9,1262,1271.9,1264.8
1267.9,1275.5,1271.5,1286.4,1306.8
1302.1,1303.3,1278.3,1273.4,1272.6
1265.5,1221.2,1224,1223.4,1216.5
1208.5,1209.6,1211,1189.1,1178.2
1190.6,1187.9,1170.8,1166.9,1175.1
1174,1167.6,1175,1169.8,1159.4
1163.5,1156.7,1161.3,1127.8,1135.3
1140.5,1131.5,1131.1,1128.8,1131.9
1137.3,1139.4,1156.4,1150,1160.4
1163.8,1179.7,1171.9,1183.5,1184.2
1195.6,1198.9,1195.3,1212,1211.3
1200.9,1204.3,1215,1210.3,1197.3
1189.5,1188.1,1193.2,1208.6,1205.6
1216.7,1218.5,1230,1234.2,1237.6
1235.1,1234.4,1224.4,1223.9,1231.7
1240,1237.6,1237.5,1232,1250.2
1256.9,1257.4,1252.6,1248.9,1231.9
1225.5,1224.5,1215.1,1208.5,1202.4
1200.7,1202.4,1201.9,1200.1,1226.5
1229.8,1233.6,1246.1,1249.3,1246.9
1248.2,1255.4,1255.3,1253.4,1245
1247.3,1250.8,1255,1245.4,1250.3
1254.3,1251.1,1271.2,1275.3,1285.9
1289.4,1291.7,1281.4,1281.9,1287.4
1275.8,1265.6,1262.1,1263.7,1266.1
1253.3,1255.1,1246.4,1226.5,1224.8
1225.3,1214.3,1217.3,1222.7,1226.2
1228.6,1235,1257.5,1251.7,1252.7
1260.7,1254.8,1252.4,1255.8,1267.6
1262.1,1272,1267,1276.8,1279.3
1294.4,1290.1,1276.3,1268.5,1266.1
1265.8,1272.8,1252.2,1254,1244.2
1241,1243.4,1247.6,1256.2,1246.3
1246.4,1248,1244.2,1240.7,1220.4
1222.2,1208.6,1212.1,1213.6,1218.1
1216.3,1226.6,1232.8,1241.1,1241.2
1244.8,1254.3,1253.9,1251.7,1249
1259.6,1268.4,1266.6,1272.6,1271.8
1267.8,1258.3,1258.2,1256.4,1273
1283.7,1287.7,1284.2,1273.7,1276.9
1286.4,1285.7,1290.8,1285.1,1288.9
1286.5,1292.5,1309.7,1313.1,1308.1
1316.2,1324.5,1339.2,1333.9,1345.1
1346,1331,1328,1323.4,1324.7
1320.4,1306.3,1306.2,1312,1290.6
1293.3,1306.8,1297,1283.4,1285.5
1281.5,1272.7,1271.5,1273.7,1269.9
1271.6,1281.8,1290.6,1285.8,1293.3
1301.5,1299.9,1283,1279.9,1286.9
1277.4,1277.7,1275,1275.4,1266.3
1268.5,1274.1,1267,1274.1,1274.9
1266.5,1279.4,1273.7,1281.6,1285.6
1272.4,1277.3,1281.5,1276.5,1277.4
1295.8,1274.6,1281.1,1291.6,1293.8
1294.7,1282.1,1273.2,1278.8,1274.3
1261.6,1262.8,1249.8,1245.2,1243.7
1238.5,1245.4,1253.8,1254.3,1262.2
1260.7,1266.1,1267.3,1275.4,1284.1
1287,1294.1,1306.3,1313.7,1316.2
1319.4,1320.3,1318.6,1311.7,1317.4
1320.6,1333.4,1335.4,1338,1326
1331.9,1330.9,1335.7,1355.9,1362.4
1351.6,1335.4,1339,1344.3,1333.7
1333,1326.1,1311.6,1316.9,1313.1
1324.2,1328.1,1355.5,1352.1,1353.2
1328.8,1330,1330.6,1328.2,1330.7
1315.5,1315.5,1302.9,1321.1,1318.1
1333.6,1326,1319.9,1322.4,1319.4
1325.9,1324.4,1316.8,1311.3,1316.8
1311.1,1320.7,1326.6,1349.3,1354.4
1341.3,1324.2,1322.8,1342.1,1332.8
1335.8,1324.3,1331.9,1336.3,1342
1356.5,1338.4,1344.8,1347.5,1347.2
1351.2,1346.8,1336.7,1322.5,1331.4
1321.2,1316.3,1320.3,1316.2,1303.8
1302.6,1310.7,1312.7,1312.2,1312
1311.3,1320.8,1319,1316.5,1288.9
1290.2,1288.2,1290.2,1290.2,1291.7
1289.3,1303.7,1303.3,1298.7,1301.5
1300.1,1294.8,1293.1,1297.5,1297.1
1298.7,1298.1,1298.9,1295.1,1296.9
1304,1274.6,1276.2,1275.6,1271.2
1267.2,1267.4,1265.6,1256.6,1252.8
1247.8,1251.3,1239.8,1257.3,1254.3
1258.1,1253.8,1242.8,1245,1239.6
1238.1,1225.7,1226.3,1222.4,1229.5
1224,1223.9,1231.4,1225.3,1222.6
1221.3,1223.7,1217.9,1210.6,1214.2
1208.6,1209.6,1212.6,1211.9,1211.1
1191.3,1193,1177.5,1176.2,1176.5
1186.8,1192.6,1196.3,1187,1206.3
1209,1207.4,1204.5,1197.7,1200.3
1192.7,1194.9,1197.9,1193.6,1193
1195.4,1204.7,1202,1195,1199.7
1196.8,1202.2,1206.2,1196.2,1199.3
1200,1194,1182.3,1191.5,1187.1
1202.4,1198.3,1197.2,1201.2,1184.4
1187.2,1189.3,1223.5,1218.1,1226.4
1227.3,1223.7,1226.5,1225.3,1221.2
1233.4,1227.8,1229.1,1232.5,1224.5
1222.6,1212.3,1236,1230.9,1229.8
1223.8,1226.2,1222.9,1206.4,1201.3
1199.2,1207.9,1212.8,1220.8,1223.1
1219,1225.8,1220.2,1211.2,1221.4
1224.1,1220.2,1233.9,1241.1,1238.1
1246.8,1243.7,1241.9,1244.4,1242.7
1237,1247.4,1249.2,1252.1,1263.6
1253.8,1269.2,1277.3,1279.9,1278.3
1281,1291.8,1282.7,1286.8,1283.2
1289.3,1284.7,1287.1,1289.1,1286.2
1291.6,1291,1281.3,1282.5,1283.1
1279.1,1297.4,1302.4,1308.2,1309.9
1319.7,1316.9,1314.3,1314.2,1309.5
1309.4,1313.7,1307,1309.2,1310.8
1309.8,1318.1,1340.1,1343.3,1323.5
1329.2,1325.9,1325.1,1317.7,1312.8
1296.4,1284.8,1282,1284.9,1283.8
1297,1288.8,1296.3,1307.5,1293.4
1301.8,1300.3,1305,1300.5,1306.1
1311.6,1321.9,1314.3,1309.9,1289.8
1293,1288.4,1290,1289.9,1289
1290.4,1297.1,1303.5,1309.1,1288.6
1290.6,1286.8,1272.6,1272.2,1271.9
1273.5,1269.3,1275.5,1275.8,1284.9
1278.6,1282.8,1281.4,1269.7,1279.2
1281.7,1283.5,1279.4,1283.5,1285.7
1300.1,1294.7,1296.3,1285,1274.5
1276.1,1272,1273.6,1284.8,1283
1276.5,1280.6,1287.1,1305.8,1322.7
1323.4,1328.3,1337.6,1341.2,1324.7
1326.4,1331.9,1339.2,1340.1,1338.7
1346.6,1344.6,1392.9,1396.2,1414.3
1414.9,1411.6,1408.4,1409.7,1385.6
1404.6,1396.7,1397,1397.5,1410.1
1404.3,1409.9,1411.4,1409.2,1421.3
1426.1,1425.1,1425.3,1420.1,1422.8
1413.9,1418.5,1419.6,1429.7,1426.1
1420.9,1445.6,1464.6,1472.4,1507.3
1497.7,1496.6,1505.3,1502.2,1515.9
1519.6,1512.5,1500.4,1504.6,1504.6
1497.3,1526.6,1526.3,1541,1537.8
1526.5,1519.1,1545.9,1550.3,1515.4
1506.2,1502.2,1490.3,1494.4,1498.7
1490.9,1503.1,1505.1,1507.5,1498.4
1507.3,1523.7,1532.1,1504.6,1507.5
1499.1,1465.7,1482,1501,1507.1
1506.2,1497.7,1497.2,1506.1,1494.8
1482.7,1491.7,1477.6,1488,1492.3
1488.2,1482.4,1481.7,1489.9,1498.9
1499.5,1490,1487,1493.2,1511.4
1508,1508,1480.8,1490.2,1464.2
1461.3,1455.5,1452.1,1461.7,1471.8
1467.3,1470.9,1473.3,1473.3,1463.1
1463.1,1456.6,1459.8,1453.4,1462.3
1478.2,1474,1476.9,1459.1,1459.3
1462.6,1469.4,1466.7,1475.6,1475
1474.6,1472.6,1478.2,1474.7,1482.5
1509.3,1513.8,1514.5,1519.5,1524.5
1549.2,1571.3,1566.2,1571.8,1557.4
1551.7,1557.5,1559.9,1548.4,1542.4
1552.1,1549,1558.8,1557.3,1556.4
1555.3,1564.6,1571.1,1582.3,1576.8
1569.2,1569.8,1583.5,1582.9,1593.5
1577.2,1550.4,1557.8,1565.1,1568.6
1577.3,1574.7,1565.6,1567.4,1575.1
1582.7,1585.8,1600,1607.5,1616.6
1644.6,1667.5,1672.4,1646.9,1640
1643.1,1642.5,1566.7,1594.8,1644.4
1643,1668,1672.4,1675.7,1660.3
1642.3,1590.3,1516.7,1486.5,1525.8
1477.9,1479.3,1495.6,1575.7,1696.1
1638.1,1636.6,1630.6,1664.2,1637.2
1592.4,1605.2,1637.7,1648.8,1730.7
1693.9,1680.7,1740.6,1738.2,1769.4
1751.3,1743.3,1730.1,1694.5,1690.2
1707.7,1706,1687.8,1747.6,1745.7
1741.4,1720.3,1721,1722.2,1713.4
1694.2,1706.4,1700.9,1712.1,1691.9
1723.2,1704.8,1708.6,1700.1,1706.1
1725.8,1742.8,1754.1,1767.9,1736.5
1749,1749.7,1725.3,1734.7,1730.1
1726.5,1705,1707.5,1734.1,1743
1755.1,1756.8,1734.7,1702.1,1719.8
1688.6
